loan_amnt,int_rate,annual_inc,dti,delinq_2yrs,inq_last_6mths,mths_since_last_delinq,open_acc,pub_rec,revol_bal,revol_util,total_acc,mths_since_last_major_derog,policy_code,acc_now_delinq,tot_coll_amt,tot_cur_bal,open_acc_6m,open_act_il,open_il_12m,open_il_24m,mths_since_rcnt_il,total_bal_il,il_util,open_rv_12m,open_rv_24m,max_bal_bc,all_util,total_rev_hi_lim,inq_fi,total_cu_tl,inq_last_12m,acc_open_past_24mths,avg_cur_bal,bc_open_to_buy,bc_util,chargeoff_within_12_mths,delinq_amnt,mo_sin_old_il_acct,mo_sin_old_rev_tl_op,mo_sin_rcnt_rev_tl_op,mo_sin_rcnt_tl,mort_acc,mths_since_recent_bc,mths_since_recent_bc_dlq,mths_since_recent_inq,mths_since_recent_revol_delinq,num_accts_ever_120_pd,num_actv_bc_tl,num_actv_rev_tl,num_bc_sats,num_bc_tl,num_il_tl,num_op_rev_tl,num_rev_accts,num_tl_120dpd_2m,num_tl_30dpd,num_tl_90g_dpd_24m,num_tl_op_past_12m,pct_tl_nvr_dlq,percent_bc_gt_75,pub_rec_bankruptcies,tax_liens,tot_hi_cred_lim,total_bal_ex_mort,total_bc_limit,term_months,emp_length_num,credit_history_years,fico_score,home_ownership_3,home_ownership_4,home_ownership_Other,verification_status_1,verification_status_2,purpose_1,purpose_2,purpose_4,purpose_6,purpose_7,purpose_9,purpose_11,purpose_Other,addr_state_3,addr_state_4,addr_state_5,addr_state_6,addr_state_9,addr_state_10,addr_state_13,addr_state_14,addr_state_17,addr_state_18,addr_state_19,addr_state_21,addr_state_22,addr_state_23,addr_state_26,addr_state_30,addr_state_32,addr_state_33,addr_state_34,addr_state_36,addr_state_37,addr_state_39,addr_state_41,addr_state_42,addr_state_44,addr_state_46,addr_state_47,addr_state_Other,zip_code_856,zip_code_Other,disbursement_method_1,initial_list_status_1,application_type_1,Default_Probability
8000.0,9.75,11.156264806643742,2.598979106047848,0.0,0.0,32.0,5.0,0.0,9.48311183169221,58.1,16.0,45.0,1.0,0,0.0,9.88108855759265,0.0,0.6931471805599453,1.0,1.0,2.4849066497880004,8.76748487464946,80.0,0.0,3.0,8.51097389160232,64.0,10.025749432069084,0.0,0.0,0.0,4.0,8.271804031154709,6.6293632534374485,91.5,0,0,138.0,95.0,2.70805020110221,2.4849066497880004,0.0,3.4339872044851463,36.0,6.0,33.0,0.0,2.0,4.0,2.0,4.0,2.19722457733622,4.0,8.0,0,0,0.0,1.0,100.0,100.0,0.0,0,10.328787967145065,9.88108855759265,9.093918908958932,36,10.0,11.58904109589041,672.0,False,True,False,False,True,False,True,False,False,False,False,False,False,False,False,False,False,True,False,False,False,False,False,False,False,False,False,False,False,False,False,False,False,False,False,False,False,False,False,False,False,False,True,False,True,False,0.12333301
25000.0,20.39,11.082157933374816,2.7813006628418027,0.0,1.0,47.0,17.0,0.6931471805599453,9.30091207016057,36.5,30.0,45.0,1.0,0,0.0,12.725604261925106,0.0,0.0,1.0,1.0,2.3978952727983707,9.228867676590069,86.0,1.791759469228055,13.0,8.680162019694377,51.0,10.308985993422082,1.9459101490553128,0.0,2.19722457733622,15.0,9.892426605176704,8.666647144584575,60.5,0,0,139.0,259.0,2.079441541679836,2.079441541679836,2.0,2.995732273553991,36.0,0.0,33.0,0.0,4.0,9.0,4.0,4.0,2.3978952727983707,15.0,18.0,0,0,0.0,7.0,96.6,25.0,0.6931471805599453,0,12.808570019855376,9.958638397000977,9.595670797663969,60,10.0,21.67945205479452,687.0,False,False,False,False,True,False,True,False,False,False,False,False,False,False,True,False,False,False,False,False,False,False,False,False,False,False,False,False,False,False,False,False,False,False,False,False,False,False,False,False,False,False,True,False,True,False,0.39160708
35000.0,16.02,11.302216779257382,3.080073421987742,0.0,0.0,32.0,18.0,0.6931471805599453,9.972033657571142,30.0,33.0,45.0,1.0,0,5.932245187448011,12.137188696682363,0.0,0.6931471805599453,1.0,1.0,2.3978952727983707,10.0820938830826,76.0,1.0986122886681096,4.0,8.47407690034261,44.0,11.174665631549477,0.0,0.0,1.0986122886681096,5.0,9.246865146658555,10.485060507823594,31.3,0,0,39.0,223.0,2.19722457733622,2.19722457733622,5.0,2.19722457733622,36.0,9.0,33.0,0.0,8.0,12.0,11.0,16.0,1.0986122886681096,16.0,26.0,0,0,0.0,3.0,100.0,0.0,0.0,0,12.48549822677211,10.72170228324594,10.860939421415225,36,10.0,18.594520547945205,692.0,False,False,False,True,False,False,True,False,False,False,False,False,False,False,False,False,False,False,False,False,False,False,False,False,False,False,False,False,False,False,False,False,False,False,False,False,True,False,False,False,False,False,False,False,True,False,0.2310315
9600.0,10.75,10.915106645867503,2.8466520505398383,0.0,0.0,48.0,10.0,0.0,9.227099155791135,75.3,11.0,48.0,1.0,0,0.0,10.374646763839657,2.0,1.9459101490553128,0.0,3.0,2.70805020110221,9.992825387888324,84.0,1.0986122886681096,3.0,8.672486075822272,81.0,9.510519035757246,0.6931471805599453,0.0,0.6931471805599453,6.0,8.07246736935477,8.11162807830774,75.3,0,0,103.0,89.0,1.6094379124341005,1.6094379124341005,0.0,1.6094379124341005,48.0,12.0,48.0,0.6931471805599453,3.0,3.0,4.0,5.0,1.9459101490553128,4.0,5.0,0,0,0.0,2.0,90.9,50.0,0.0,0,10.584865749496077,10.374646763839657,9.510519035757246,36,2.0,8.673972602739726,682.0,False,True,False,False,True,False,False,False,False,False,False,False,False,False,False,False,False,False,False,False,False,False,False,False,False,False,False,False,False,False,True,False,False,False,False,False,False,False,False,False,False,False,True,False,True,False,0.17157078
30000.0,13.99,11.736077016252436,2.9085390618516134,0.0,1.0,70.0,15.0,0.0,9.597234094498912,42.3,24.0,71.0,1.0,0,0.0,12.580858590693722,2.0,1.3862943611198906,1.0,2.0,1.3862943611198906,10.290211469825053,54.0,1.0986122886681096,4.0,8.874028122556336,49.0,10.457401400981889,1.791759469228055,0.0,1.9459101490553128,6.0,9.872873693918292,9.464051924856811,52.8,0,0,85.0,131.0,1.9459101490553128,1.3862943611198906,1.0,1.9459101490553128,71.0,1.0,71.0,1.3862943611198906,5.0,7.0,6.0,11.0,1.791759469228055,11.0,17.0,0,0,0.0,3.0,87.0,16.7,0.0,0,12.92264578315244,10.69571054128676,10.214678610538815,36,3.0,11.008219178082191,712.0,False,False,False,False,True,False,True,False,False,False,False,False,False,False,False,False,False,False,False,False,False,False,False,False,False,False,False,False,False,False,False,False,False,True,False,False,False,False,False,False,False,False,True,False,True,False,0.26868886
17150.0,15.05,11.898194668458824,3.2472688993694185,0.0,0.0,46.0,14.0,0.0,10.06590397678042,55.2,96.0,73.0,1.0,0,0.0,13.167612039757474,2.0,1.791759469228055,4.0,7.0,1.6094379124341005,12.600493658176015,91.0,0.6931471805599453,4.0,9.149103062504992,74.0,10.659633006160352,1.0986122886681096,1.791759469228055,1.3862943611198906,11.0,10.602691354678605,9.753187781764913,50.8,0,0,157.0,203.0,2.079441541679836,1.6094379124341005,7.0,2.079441541679836,46.0,5.0,46.0,0.6931471805599453,5.0,6.0,5.0,13.0,4.158883083359672,7.0,26.0,0,0,0.0,5.0,91.0,40.0,0.0,0,13.262062709123828,12.676797889349476,10.463131911491969,60,10.0,16.926027397260274,702.0,False,False,False,False,False,False,True,False,False,False,False,False,False,True,False,False,False,False,False,False,False,False,False,False,False,False,False,False,False,False,False,False,False,False,False,False,False,False,False,False,False,False,True,False,True,False,0.19079788
15000.0,13.59,11.002116507732016,3.3981928726418564,0.0,0.0,32.0,14.0,0.0,8.978786553302003,43.6,22.0,45.0,1.0,0,5.673323267171493,10.916215102047069,1.0,1.791759469228055,0.0,0.0,3.4657359027997265,10.760665019917775,72.0,0.6931471805599453,3.0,7.847371836159788,64.0,9.809231816610408,0.0,0.0,0.0,3.0,8.431417414394833,8.340933226000878,50.1,0,0,107.0,154.0,1.9459101490553128,1.9459101490553128,0.0,1.9459101490553128,36.0,6.0,33.0,0.0,3.0,5.0,5.0,8.0,2.079441541679836,9.0,15.0,0,0,0.0,1.0,100.0,66.7,0.0,0,11.49777121719855,10.916215102047069,9.036106025364846,60,5.0,12.841095890410958,702.0,False,True,False,False,False,False,True,False,False,False,False,False,False,False,True,False,False,False,False,False,False,False,False,False,False,False,False,False,False,False,False,False,False,False,False,False,False,False,False,False,False,False,True,False,True,False,0.41998073
8400.0,6.99,11.51293546492023,2.7434173449395014,0.0,1.0,32.0,8.0,0.0,9.592741540485797,37.1,24.0,45.0,1.0,0,0.0,12.006560167963537,1.0,1.0986122886681096,1.0,3.0,0.6931471805599453,9.690974793577944,70.0,0.0,2.0,8.08271113423758,49.0,10.584081267024454,0.0,2.4849066497880004,0.6931471805599453,6.0,9.927155249836312,9.09121894106832,36.6,0,0,157.0,282.0,2.70805020110221,0.6931471805599453,2.0,4.605170185988092,36.0,1.0,33.0,0.0,2.0,4.0,2.0,5.0,1.791759469228055,4.0,17.0,0,0,0.0,2.0,95.8,0.0,0.0,0,12.194050670302849,10.336178646897883,9.546884034617923,36,3.0,23.51232876712329,732.0,False,True,False,False,False,False,True,False,False,False,False,False,False,False,False,False,False,False,True,False,False,False,False,False,False,False,False,False,False,False,False,False,False,False,False,False,False,False,False,False,False,False,True,False,True,False,0.04661321
17000.0,8.39,11.60824473564232,1.0986122886681096,0.0,0.0,29.0,4.0,0.0,9.251770181739325,35.4,12.0,29.0,1.0,0,0.0,12.369903464125018,0.0,0.0,0.0,0.0,2.639057329615259,0.0,72.0,1.0986122886681096,2.0,8.659733878198347,35.0,10.288783966353764,0.0,0.0,1.0986122886681096,2.0,10.983630324920576,8.237214703349489,73.4,0,0,130.0,188.0,2.19722457733622,2.19722457733622,2.0,2.19722457733622,36.0,10.0,29.0,1.3862943611198906,2.0,2.0,2.0,6.0,0.0,3.0,10.0,0,0,0.0,2.0,81.8,50.0,0.0,0,12.60726865398613,9.251770181739325,9.561067663645012,36,10.0,15.67945205479452,677.0,False,False,False,True,False,False,True,False,False,False,False,False,False,False,False,False,True,False,False,False,False,False,False,False,False,False,False,False,False,False,False,False,False,False,False,False,False,False,False,False,False,False,True,False,True,False,0.066942364
7000.0,11.99,10.915106645867503,2.725890119230541,0.0,1.0,32.0,5.0,0.0,8.959054514715692,52.2,8.0,45.0,1.0,0,0.0,9.996476859378957,0.0,0.6931471805599453,0.0,0.0,3.610917912644224,9.559023465985362,58.0,0.0,1.0,8.905037290767,56.0,9.60918360377546,0.0,0.0,1.0986122886681096,1.0,8.387312270561717,8.138272638530186,68.6,0,0,116.0,55.0,3.091042453358316,3.091042453358316,0.0,3.737669618283368,36.0,3.0,33.0,0.0,2.0,3.0,2.0,2.0,1.6094379124341005,4.0,4.0,0,0,0.0,0.0,100.0,50.0,0.0,0,10.58375210726506,9.996476859378957,9.29660980712836,36,8.0,9.676712328767124,742.0,False,False,False,True,False,False,True,False,False,False,False,False,False,False,False,False,False,False,False,False,False,False,False,False,False,False,False,False,False,False,False,False,False,False,False,False,True,False,False,False,False,False,False,False,True,False,0.13148314
21700.0,13.99,11.002116507732016,2.501435951739211,0.0,0.0,40.0,9.0,0.0,8.699181359308955,19.5,18.0,40.0,1.0,0,0.0,11.664650347786717,0.0,0.6931471805599453,1.0,1.0,2.5649493574615367,9.097395612960048,74.0,0.0,2.0,8.264105763728956,35.0,10.332050506334692,0.0,0.0,0.0,4.0,9.467460138845324,9.86889610776651,16.7,0,0,95.0,192.0,2.9444389791664403,2.5649493574615367,2.0,4.653960350157523,36.0,18.0,40.0,1.0986122886681096,1.0,3.0,5.0,6.0,1.0986122886681096,7.0,14.0,0,0,0.0,1.0,88.9,0.0,0.0,0,11.89745970956302,9.61106090905359,10.05195066017375,60,8.0,16.095890410958905,717.0,False,False,False,False,False,False,True,False,False,False,False,False,False,False,False,False,False,False,False,True,False,False,False,False,False,False,False,False,False,False,False,False,False,False,False,False,False,False,False,False,False,False,True,False,True,False,0.15844317
1500.0,11.49,10.205109511721597,3.0155349008501706,0.0,0.0,32.0,4.0,0.0,7.886457270977689,57.8,4.0,45.0,1.0,0,0.0,9.521787797978224,1.0,0.6931471805599453,1.0,1.0,1.9459101490553128,9.305104948420606,89.0,0.0,1.0,7.886457270977689,81.0,8.434028950155469,0.0,0.0,0.0,2.0,8.135639903354386,7.340186835320115,63.3,0,0,6.0,38.0,2.639057329615259,1.9459101490553128,0.0,3.4011973816621555,36.0,13.0,33.0,0.0,1.0,1.0,2.0,2.0,0.6931471805599453,3.0,3.0,0,0,0.0,1.0,100.0,0.0,0.0,0,9.739143428972826,9.521787797978224,8.343077871169383,36,6.0,3.16986301369863,737.0,False,True,False,False,True,True,False,False,False,False,False,False,False,False,True,False,False,False,False,False,False,False,False,False,False,False,False,False,False,False,False,False,False,False,False,False,False,False,False,False,False,False,True,False,True,False,0.20745836
15000.0,14.46,11.23850177707664,3.050693831627965,0.0,1.0,74.0,8.0,0.0,9.945349006631046,81.5,24.0,45.0,1.0,0,0.0,12.83557423950114,2.0,1.6094379124341005,2.0,3.0,1.6094379124341005,10.521372248595526,75.0,0.6931471805599453,1.0,9.705828982731935,77.0,10.150386692204734,0.0,0.0,1.0986122886681096,4.0,10.756156676112958,8.152198015861787,83.9,0,0,152.0,209.0,1.791759469228055,1.6094379124341005,8.0,4.919980925828125,74.0,5.0,74.0,0.0,2.0,3.0,2.0,7.0,2.19722457733622,3.0,8.0,0,0,0.0,3.0,91.7,50.0,0.0,0,12.936144636443656,10.967404871407352,9.980494888896912,60,10.0,17.50958904109589,692.0,False,False,False,False,False,False,True,False,False,False,False,False,False,False,False,False,False,False,False,False,False,False,False,False,False,False,False,False,False,False,False,False,False,False,False,False,False,True,False,False,False,False,True,False,False,False,0.14005192
30000.0,11.99,11.468984026707249,2.6511270537025893,0.0,0.0,32.0,5.0,0.0,8.517193191416238,100.0,22.0,45.0,1.0,0,0.0,12.92005868102283,1.0,1.3862943611198906,1.0,1.0,1.3862943611198906,10.802448995888462,70.0,0.0,1.0,8.517193191416238,75.0,8.517393171418904,0.0,1.0986122886681096,0.0,2.0,11.31062566546061,0.6931471805599453,100.0,0,0,136.0,145.0,2.8903717578961645,1.3862943611198906,3.0,4.060443010546419,36.0,6.0,33.0,0.0,1.0,1.0,1.0,5.0,2.302585092994046,1.0,10.0,0,0,0.0,1.0,100.0,100.0,0.0,0,13.04873836552959,10.899328563168291,8.517393171418904,60,10.0,13.342465753424657,747.0,True,False,False,False,True,False,False,False,False,True,False,False,False,False,True,False,False,False,False,False,False,False,False,False,False,False,False,False,False,False,False,False,False,False,False,False,False,False,False,False,False,False,True,False,True,False,0.16361813
3000.0,10.49,10.645448706505872,3.2003044392827653,0.0,0.0,32.0,24.0,0.0,9.715469803197292,56.6,26.0,45.0,1.0,0,0.0,9.715469803197292,0.0,0.0,0.0,0.0,3.295836866004329,0.0,72.0,0.0,6.0,8.339500903005945,57.0,10.285376924115589,0.0,0.0,1.0986122886681096,6.0,6.53813982376767,8.770594329891145,64.6,0,0,26.0,130.0,2.639057329615259,2.639057329615259,0.0,2.639057329615259,36.0,10.0,33.0,0.0,13.0,19.0,18.0,19.0,0.6931471805599453,24.0,25.0,0,0,0.0,0.0,100.0,22.2,0.0,0,10.285376924115589,9.715469803197292,9.809231816610408,36,3.0,10.923287671232876,692.0,False,True,False,False,True,False,False,False,False,False,True,False,False,False,False,False,False,False,False,False,False,False,False,False,False,False,False,False,False,False,True,False,False,False,False,False,False,False,False,False,False,False,True,False,False,False,0.39360976
8000.0,12.99,10.915106645867503,3.3442742342625342,0.0,0.0,32.0,17.0,0.0,9.92000046091034,40.0,32.0,45.0,1.0,0,0.0,10.888408423451107,2.0,1.0986122886681096,1.0,2.0,1.9459101490553128,10.410907383167286,90.0,1.3862943611198906,9.0,9.105646300861515,61.0,10.835671318412196,0.0,0.6931471805599453,0.6931471805599453,11.0,8.116118431609365,9.676712414987868,51.8,0,0,225.0,122.0,1.6094379124341005,1.6094379124341005,0.0,1.6094379124341005,36.0,7.0,33.0,0.0,5.0,9.0,6.0,7.0,2.772588722239781,15.0,17.0,0,0,0.0,4.0,100.0,33.3,0.0,0,11.380513445613625,10.888408423451107,10.40731877238916,36,10.0,18.767123287671232,662.0,False,True,False,True,False,True,False,False,False,False,False,False,False,False,False,False,False,False,False,False,False,False,False,False,False,False,False,False,False,False,True,False,False,False,False,False,False,False,False,False,False,False,True,False,True,False,0.41316792
6200.0,15.31,10.545367754151744,2.5305171610400525,0.6931471805599453,2.0,11.0,7.0,0.0,8.17131687471973,86.3,33.0,45.0,1.0,0,0.0,8.680671660408713,1.0,0.6931471805599453,0.0,0.0,3.4011973816621555,7.762596048540069,26.0,1.0986122886681096,5.0,6.894670039433482,44.0,8.31898612539206,0.0,0.0,1.0986122886681096,5.0,6.889591308354466,4.787491742782046,96.4,0,0,182.0,151.0,1.6094379124341005,1.6094379124341005,0.0,2.19722457733622,11.0,4.0,11.0,0.0,4.0,5.0,4.0,4.0,3.258096538021482,6.0,8.0,0,0,0.0,2.0,97.0,100.0,0.0,0,9.4929596500855,8.680671660408713,8.101980731853192,36,5.0,15.172602739726027,667.0,True,False,False,True,False,False,True,False,False,False,False,False,False,False,False,False,False,False,False,False,False,False,False,False,False,False,False,False,False,False,True,False,False,False,False,False,False,False,False,False,False,False,True,False,True,False,0.41374835
10000.0,29.69,11.23850177707664,3.2669037938787824,0.6931471805599453,1.0,12.0,13.0,0.6931471805599453,9.352794339771116,19.6,22.0,45.0,1.0,0,0.0,12.990581310959035,3.0,1.6094379124341005,3.0,4.0,1.6094379124341005,10.869653573903932,91.0,1.0986122886681096,3.0,8.545197387825835,60.0,10.876177521259402,0.0,0.0,2.079441541679836,8.0,10.505697478103938,10.566690856723,20.4,0,0,171.0,142.0,2.5649493574615367,1.6094379124341005,1.0,2.5649493574615367,36.0,4.0,33.0,0.0,4.0,5.0,5.0,6.0,2.4849066497880004,7.0,9.0,0,0,0.0,6.0,100.0,20.0,0.6931471805599453,0,13.101499226891686,11.06799681422809,10.821796246953596,60,9.0,14.263013698630138,692.0,False,False,False,False,False,False,True,False,False,False,False,False,False,False,True,False,False,False,False,False,False,False,False,False,False,False,False,False,False,False,False,False,False,False,False,False,False,False,False,False,False,False,True,False,True,False,0.31877434
12500.0,11.44,11.225256725762891,3.070839746040797,0.6931471805599453,0.0,13.0,8.0,0.0,10.040811743399347,90.7,26.0,45.0,1.0,0,0.0,10.789525241239264,0.0,1.791759469228055,0.0,0.0,3.4339872044851463,10.149057736411894,58.0,0.0,0.0,9.672626800077513,70.0,10.138599199626192,0.0,0.0,0.6931471805599453,0.0,8.71028982137815,7.765569081097317,90.7,0,0,162.0,146.0,4.02535169073515,3.4339872044851463,0.0,4.02535169073515,36.0,10.0,33.0,0.0,3.0,3.0,3.0,6.0,2.995732273553991,3.0,7.0,0,0,0.0,0.0,95.8,66.7,0.0,0,11.153160036113054,10.789525241239264,10.138599199626192,36,1.0,13.515068493150684,672.0,False,True,False,False,False,False,True,False,False,False,False,False,False,False,False,False,False,False,False,False,False,False,False,False,False,False,False,False,True,False,False,False,False,False,False,False,False,False,False,False,False,False,True,False,False,False,0.13630824
15000.0,13.49,11.225256725762891,2.3456445824544927,0.0,0.0,32.0,5.0,0.6931471805599453,9.173468897200278,87.6,19.0,45.0,1.0,0,0.0,11.922840656752005,0.0,1.0986122886681096,1.0,1.0,2.3978952727983707,8.686935966003333,44.0,0.6931471805599453,1.0,0.0,63.0,9.305741456739437,0.0,2.302585092994046,0.0,2.0,10.313442565917144,8.790421306897867,54.9,0,0,237.0,172.0,2.5649493574615367,2.3978952727983707,2.0,2.70805020110221,36.0,6.0,33.0,0.0,0.0,2.0,0.0,6.0,1.9459101490553128,2.0,11.0,0,0,0.0,2.0,100.0,33.3,0.6931471805599453,0,12.04074388981249,9.652587324176876,0.0,60,10.0,19.843835616438355,697.0,True,False,False,False,False,True,False,False,False,False,False,False,False,True,False,False,False,False,False,False,False,False,False,False,False,False,False,False,False,False,False,False,False,False,False,False,False,False,False,False,False,False,True,False,True,False,0.12182988
6000.0,7.89,11.0186455364637,2.667228206581955,0.0,1.0,32.0,9.0,0.0,9.482959566750916,75.9,28.0,45.0,1.0,0,0.0,12.610880871271682,2.0,1.3862943611198906,1.0,3.0,1.6094379124341005,9.3195534569495,71.0,1.0986122886681096,2.0,9.264544425989694,73.0,9.758519582283522,0.6931471805599453,1.0986122886681096,1.6094379124341005,6.0,10.413672971414696,3.80666248977032,99.6,0,0,142.0,155.0,1.791759469228055,1.6094379124341005,5.0,4.532599493153256,36.0,5.0,33.0,0.0,1.0,3.0,1.0,6.0,2.19722457733622,4.0,14.0,0,0,0.0,3.0,100.0,100.0,0.0,0,12.65506009892746,10.100122843969542,9.268703615273097,36,2.0,12.926027397260274,707.0,False,False,False,False,True,False,False,True,False,False,False,False,False,False,False,False,False,False,False,False,False,False,False,False,True,False,False,False,False,False,False,False,False,False,False,False,False,False,False,False,False,False,True,False,True,False,0.06285044
14000.0,19.99,10.714439990727769,3.1717842173343502,0.0,0.0,32.0,16.0,0.0,9.085797036901582,97.0,27.0,45.0,1.0,0,0.0,11.985363628331424,0.0,2.5649493574615367,1.0,4.0,2.19722457733622,11.928750061139423,105.0,0.0,3.0,7.982416346827733,104.0,9.116139576577355,0.0,1.791759469228055,0.6931471805599453,7.0,9.21283725217477,4.290459441148391,97.6,0,0,95.0,47.0,2.639057329615259,2.19722457733622,0.0,3.044522437723423,36.0,11.0,33.0,0.0,1.0,4.0,1.0,2.0,3.091042453358316,4.0,6.0,0,0,0.0,1.0,100.0,100.0,0.0,0,11.944032328586015,11.985363628331424,8.006700845440367,36,2.0,7.928767123287671,677.0,False,True,False,False,True,False,True,False,False,False,False,False,False,False,True,False,False,False,False,False,False,False,False,False,False,False,False,False,False,False,False,False,False,False,False,False,False,False,False,False,False,False,True,False,False,False,0.42769027
16000.0,18.45,11.451060699493429,1.786746927404511,0.0,0.0,32.0,10.0,0.0,4.174387269895637,0.0,20.0,45.0,1.0,0,5.6937321388027,9.44643963445061,1.0,0.6931471805599453,1.0,1.0,1.9459101490553128,9.44643963445061,96.0,0.6931471805599453,1.0,0.0,47.0,9.525224101853109,0.0,0.0,1.791759469228055,2.0,7.144407180321139,8.881975184248867,0.0,0,0,136.0,58.0,2.19722457733622,1.9459101490553128,0.0,3.367295829986474,36.0,1.0,33.0,0.0,0.0,0.0,4.0,5.0,2.079441541679836,9.0,13.0,0,0,0.0,2.0,100.0,0.0,0.0,0,10.202146656326484,9.44643963445061,8.881975184248867,60,3.0,11.33972602739726,672.0,False,False,False,False,True,False,True,False,False,False,False,False,False,False,False,False,False,False,False,False,False,False,False,False,False,False,False,False,False,False,False,True,False,False,False,False,False,False,False,False,False,False,True,False,True,False,0.38685814
3000.0,10.99,10.085850775128716,3.157000421150113,0.0,1.0,32.0,7.0,0.6931471805599453,8.18757739559151,26.8,24.0,45.0,1.0,0,0.0,9.129889247578555,0.0,1.0986122886681096,1.0,3.0,2.079441541679836,8.63621989783788,61.0,0.6931471805599453,3.0,7.791522819150732,41.0,9.503084610020228,0.0,0.0,1.9459101490553128,6.0,7.1846291527173145,8.81996090128606,32.3,0,0,124.0,259.0,2.5649493574615367,2.079441541679836,3.0,2.5649493574615367,36.0,1.0,33.0,0.0,2.0,4.0,2.0,4.0,2.302585092994046,5.0,12.0,0,0,0.0,2.0,100.0,0.0,0.6931471805599453,0,10.029150570531783,9.129889247578555,9.210440366976515,36,6.0,21.68219178082192,672.0,False,False,False,False,True,False,False,True,False,False,False,False,False,False,False,False,False,False,False,False,False,False,False,False,False,False,False,False,False,False,False,True,False,False,False,False,False,False,False,False,False,False,True,False,True,False,0.23539242
20000.0,7.99,11.507470614287264,2.543961412569315,0.0,0.0,32.0,10.0,0.0,9.607033787697222,47.7,49.0,45.0,1.0,0,0.0,12.432650293578666,1.0,1.0986122886681096,2.0,2.0,1.791759469228055,11.8941388632761,90.0,1.3862943611198906,3.0,9.074749717669835,69.0,10.348205424565991,0.0,0.0,0.6931471805599453,5.0,10.13010506266184,9.617470759403409,45.8,0,0,159.0,119.0,2.079441541679836,1.791759469228055,2.0,2.079441541679836,36.0,11.0,33.0,0.0,3.0,4.0,4.0,6.0,3.6375861597263857,6.0,10.0,0,0,0.0,5.0,100.0,25.0,0.0,0,12.597398260484615,11.990860060792162,10.229223792606836,36,0.5,13.26027397260274,727.0,False,True,False,True,False,False,True,False,False,False,False,False,False,False,False,False,False,False,False,False,False,False,False,False,False,False,False,False,False,False,False,False,False,False,False,True,False,False,False,False,False,False,True,False,False,False,0.0727094
8000.0,13.99,10.896757843893464,2.984671326194566,0.0,1.0,65.0,12.0,1.3862943611198906,8.646465527120377,27.2,25.0,65.0,1.0,0,6.240275845170769,10.666650414667744,1.0,2.19722457733622,1.0,1.0,2.4849066497880004,10.524386568888447,86.0,0.6931471805599453,2.0,8.38958706681109,67.0,9.94755228369823,0.6931471805599453,0.6931471805599453,1.0986122886681096,3.0,8.182000136293405,9.62983986904815,27.2,0,0,144.0,104.0,1.6094379124341005,1.6094379124341005,0.0,1.6094379124341005,36.0,0.0,33.0,2.302585092994046,2.0,2.0,4.0,5.0,2.995732273553991,4.0,6.0,0,0,0.0,2.0,66.7,0.0,1.3862943611198906,0,11.068963781457745,10.666650414667744,9.94755228369823,36,5.0,12.093150684931508,672.0,False,True,False,False,True,False,False,False,False,False,False,False,True,False,False,False,False,False,False,False,False,False,False,False,False,False,False,False,False,False,False,False,False,False,False,True,False,False,False,False,False,False,True,False,True,False,0.19642511
14000.0,14.52,10.12667110305036,1.8373699804801076,0.0,0.0,31.0,3.0,0.0,8.202482446576537,73.0,4.0,45.0,1.0,0,0.0,11.86382878508571,0.0,0.0,0.0,0.0,2.639057329615259,0.0,72.0,0.0,0.0,7.685703061234547,73.0,8.517393171418904,0.0,0.0,0.0,0.0,10.76523761774909,7.20934025660291,73.0,0,0,130.0,151.0,3.6375861597263857,3.6375861597263857,1.0,3.6375861597263857,36.0,6.0,33.0,0.6931471805599453,2.0,2.0,2.0,3.0,0.0,2.0,3.0,0,0,0.0,0.0,75.0,50.0,0.0,0,11.95488963718472,8.202482446576537,8.517393171418904,60,1.0,14.591780821917808,672.0,False,False,False,False,False,False,False,True,False,False,False,False,False,False,False,False,False,False,False,False,False,False,False,False,False,False,False,False,False,False,False,False,False,False,False,False,False,False,False,False,True,False,True,False,True,True,0.297114
11000.0,9.16,11.225256725762891,2.6953026282797072,0.0,1.0,32.0,10.0,0.0,6.274762021241939,2.0,19.0,45.0,1.0,0,0.0,10.40049818726839,3.0,1.0986122886681096,2.0,3.0,1.0986122886681096,10.384245644679725,86.0,0.6931471805599453,5.0,6.255750041753367,52.0,10.165890277802454,0.6931471805599453,0.0,0.6931471805599453,8.0,8.098338846189057,9.493863809279103,3.8,0,0,42.0,68.0,1.791759469228055,1.0986122886681096,0.0,1.791759469228055,36.0,5.0,33.0,0.0,2.0,3.0,5.0,8.0,1.9459101490553128,8.0,13.0,0,0,0.0,3.0,100.0,0.0,0.0,0,11.06360250879818,10.40049818726839,9.53249633228804,36,2.0,5.753424657534247,752.0,False,True,False,True,False,False,True,False,False,False,False,False,False,False,True,False,False,False,False,False,False,False,False,False,False,False,False,False,False,False,False,False,False,False,False,False,False,False,False,False,False,False,True,False,True,False,0.10566411
17000.0,13.59,11.81303746480054,2.5733752977756086,0.0,1.0,59.0,25.0,0.0,9.810659290224931,49.9,72.0,59.0,1.0,0,0.0,12.947609910238212,2.0,1.3862943611198906,2.0,4.0,1.791759469228055,12.782275813355543,83.0,1.0986122886681096,3.0,8.725507328484445,68.0,10.505094936455558,2.079441541679836,0.6931471805599453,1.6094379124341005,7.0,9.7696132439798,8.761080103868347,70.6,0,0,280.0,133.0,1.3862943611198906,1.3862943611198906,1.0,1.3862943611198906,36.0,1.0,33.0,0.6931471805599453,11.0,13.0,11.0,11.0,3.8501476017100575,21.0,25.0,0,0,0.0,4.0,97.0,36.4,0.0,0,13.010779089750676,12.83222495726584,9.985113621416073,60,10.0,23.34520547945205,697.0,True,False,False,False,False,False,True,False,False,False,False,False,False,True,False,False,False,False,False,False,False,False,False,False,False,False,False,False,False,False,False,False,False,False,False,False,False,False,False,False,False,False,True,False,True,False,0.24885744
6800.0,11.99,10.915106645867503,2.469793011977952,0.6931471805599453,0.0,19.0,11.0,0.6931471805599453,9.451480999992048,50.9,11.0,45.0,1.0,0,0.0,9.451480999992048,0.0,0.0,0.0,0.0,2.639057329615259,0.0,72.0,0.6931471805599453,3.0,7.918264686095274,51.0,10.12667110305036,0.0,0.0,0.0,3.0,7.254884810077338,5.068904202220232,98.0,0,0,130.0,181.0,2.3978952727983707,2.3978952727983707,0.0,2.3978952727983707,36.0,6.0,19.0,0.0,3.0,9.0,3.0,3.0,0.0,11.0,11.0,0,0,0.0,1.0,90.9,100.0,0.6931471805599453,0,10.12667110305036,9.451480999992048,8.962007209588313,36,10.0,15.093150684931508,662.0,False,False,False,False,False,False,True,False,False,False,False,False,False,False,False,False,False,False,False,False,False,False,False,False,False,False,False,False,False,False,False,True,False,False,False,False,False,False,False,False,False,False,True,False,True,False,0.20381832
10000.0,14.46,10.87806606028079,2.9856819377004897,0.0,3.0,60.0,9.0,0.0,7.418780882750794,13.3,19.0,45.0,1.0,0,6.75110146893676,9.950705052145238,4.0,1.0986122886681096,3.0,5.0,1.3862943611198906,9.867912187022208,90.0,1.0986122886681096,2.0,0.0,62.0,9.433563920090563,1.0986122886681096,2.302585092994046,2.079441541679836,7.0,7.754052639035757,8.790421306897867,54.9,0,0,20.0,98.0,0.6931471805599453,0.6931471805599453,0.0,2.70805020110221,36.0,1.0,60.0,0.0,0.0,3.0,0.0,0.0,1.791759469228055,7.0,13.0,0,0,0.0,5.0,94.7,33.3,0.0,0,10.433380239019344,9.950705052145238,0.0,36,1.0,8.175342465753424,707.0,False,True,False,True,False,False,False,False,False,False,False,False,True,False,False,False,False,False,False,False,True,False,False,False,False,False,False,False,False,False,False,False,False,False,False,False,False,False,False,False,False,False,True,False,True,False,0.31577754
10000.0,10.78,11.097425172408933,3.435276695315018,0.6931471805599453,0.0,3.0,12.0,0.0,9.228278517107196,31.6,37.0,45.0,1.0,0,0.0,11.688062944634108,0.0,1.9459101490553128,3.0,5.0,2.19722457733622,11.598745299021108,68.0,0.0,2.0,9.193499354780156,58.0,10.379752786950895,1.3862943611198906,0.0,1.6094379124341005,7.0,9.203215047033597,9.77684665156873,36.6,0,0,72.0,75.0,2.639057329615259,2.19722457733622,0.0,2.639057329615259,36.0,8.0,3.0,0.0,2.0,2.0,4.0,9.0,3.1780538303479458,6.0,14.0,0,0,0.0,3.0,97.3,0.0,0.0,0,12.048184155452352,11.688062944634108,10.232827270254802,36,0.5,6.254794520547946,687.0,False,True,False,False,True,True,False,False,False,False,False,False,False,False,False,False,False,False,False,False,False,False,False,False,False,False,False,False,False,False,False,False,False,False,False,False,False,False,False,False,True,False,True,False,True,False,0.14557935
30000.0,12.74,11.678448377988165,2.8524391037275145,0.6931471805599453,0.0,11.0,13.0,0.0,9.49243184611472,36.3,35.0,11.0,1.0,0,0.0,12.61494859676042,1.0,1.0986122886681096,1.0,1.0,2.5649493574615367,10.899716371226631,27.0,0.6931471805599453,3.0,8.638879709672837,33.0,10.505094936455558,1.3862943611198906,1.0986122886681096,1.791759469228055,4.0,10.13006520058462,9.273127360074948,53.7,0,0,161.0,148.0,1.0986122886681096,1.0986122886681096,3.0,3.49650756146648,36.0,0.0,33.0,0.0,3.0,4.0,4.0,12.0,2.3978952727983707,8.0,21.0,0,0,0.6931471805599453,2.0,97.1,25.0,0.0,0,12.797607831495863,11.118682156284102,10.043292972227004,60,4.0,13.424657534246576,712.0,False,False,False,False,True,False,False,False,True,False,False,False,False,False,False,False,False,False,False,False,False,False,False,False,False,False,False,False,False,False,False,False,False,False,False,False,True,False,False,False,False,False,True,False,True,False,0.23807001
4000.0,13.59,10.778977123006351,2.750470916986162,0.0,0.0,32.0,4.0,0.0,8.182000136293405,47.0,5.0,45.0,1.0,0,0.0,9.89065557372075,0.0,0.6931471805599453,0.0,1.0,3.218875824868201,9.690912952571152,89.0,1.0986122886681096,3.0,7.557994958530806,76.0,8.936035096566041,0.0,0.0,0.0,4.0,8.504513138258863,8.300528606199737,47.0,0,0,24.0,120.0,2.302585092994046,2.302585092994046,0.0,2.302585092994046,36.0,13.0,33.0,0.0,3.0,3.0,3.0,3.0,0.6931471805599453,3.0,4.0,0,0,0.0,2.0,100.0,66.7,0.0,0,10.159291886089886,9.89065557372075,8.936035096566041,36,6.0,10.008219178082191,687.0,True,False,False,False,False,False,True,False,False,False,False,False,False,False,True,False,False,False,False,False,False,False,False,False,False,False,False,False,False,False,False,False,False,False,False,False,False,False,False,False,False,False,True,False,True,False,0.22157343
10000.0,11.99,10.778977123006351,2.057962510002712,0.0,1.0,32.0,27.0,0.0,9.211439767419485,22.9,36.0,45.0,1.0,0,0.0,11.604784240981411,1.0,2.3978952727983707,1.0,1.0,2.3978952727983707,11.509027879241517,128.0,1.0986122886681096,3.0,8.316544717929398,90.0,10.685126264117056,0.0,1.0986122886681096,1.6094379124341005,4.0,8.386172928977834,9.802506322682014,29.1,0,0,180.0,137.0,1.6094379124341005,1.6094379124341005,0.0,1.6094379124341005,36.0,2.0,33.0,0.0,3.0,6.0,6.0,8.0,2.639057329615259,17.0,23.0,0,0,0.0,3.0,100.0,16.7,0.0,0,11.708780036046768,11.604784240981411,10.146472946063875,36,10.0,15.01095890410959,712.0,False,True,False,True,False,False,True,False,False,False,False,False,False,False,False,False,False,False,False,False,False,False,False,False,False,True,False,False,False,False,False,False,False,False,False,False,False,False,False,False,False,False,True,False,True,False,0.16374566
24000.0,17.27,10.87806606028079,3.061520014091994,0.0,0.0,25.0,10.0,0.0,8.85978949474541,63.4,23.0,45.0,1.0,0,0.0,11.315973402370126,0.0,0.6931471805599453,0.0,0.0,3.951243718581428,11.226322809738011,72.0,0.0,1.0,8.266421472984554,63.0,9.314790473332646,1.3862943611198906,0.0,0.6931471805599453,1.0,9.52427481557203,8.025843344150903,69.7,0,0,51.0,366.0,2.833213344056216,2.833213344056216,2.0,2.833213344056216,36.0,0.0,25.0,0.0,4.0,4.0,4.0,5.0,0.6931471805599453,9.0,20.0,0,0,0.0,0.0,95.5,50.0,0.0,0,11.466441639156669,11.315973402370126,9.220389707829185,60,2.0,30.523287671232875,717.0,False,False,False,False,False,False,True,False,False,False,False,False,False,False,False,False,False,False,False,False,False,False,False,False,False,False,False,False,True,False,False,False,False,False,False,False,False,False,False,False,False,False,True,False,True,False,0.36588788
19200.0,13.99,11.350418300109132,3.2577118486533987,0.0,1.0,61.0,11.0,0.0,9.448569560708432,88.7,16.0,45.0,1.0,0,4.882801922586371,10.259552310349166,0.0,1.6094379124341005,0.0,2.0,3.044522437723423,9.671870704017296,30.0,0.0,5.0,8.00603417874901,43.0,9.568084743872936,1.0986122886681096,0.0,1.0986122886681096,7.0,7.862112211662748,7.385230923066573,88.7,0,0,115.0,118.0,2.772588722239781,2.772588722239781,2.0,2.772588722239781,36.0,5.0,33.0,0.0,7.0,7.0,7.0,7.0,1.9459101490553128,7.0,8.0,0,0,0.0,0.0,93.7,85.7,0.0,0,11.106129471627067,10.259552310349166,9.568084743872936,36,10.0,18.350684931506848,662.0,False,True,False,False,False,False,True,False,False,False,False,False,False,False,False,False,False,False,False,False,False,False,False,False,False,False,False,False,False,False,False,False,False,False,False,False,True,False,False,False,False,False,True,False,True,False,0.34918323
10000.0,10.75,10.203629181337648,3.4503049557691834,0.6931471805599453,1.0,11.0,15.0,0.0,8.813438494528507,12.7,16.0,45.0,1.0,0,0.0,9.257414779362112,2.0,1.0986122886681096,1.0,1.0,1.9459101490553128,8.231908243564177,16.0,0.6931471805599453,5.0,7.882314918980268,14.0,10.874285408908944,0.0,1.3862943611198906,0.6931471805599453,6.0,6.551080335043404,10.321473941197963,18.1,0,0,49.0,88.0,1.6094379124341005,1.6094379124341005,0.0,1.6094379124341005,36.0,4.0,11.0,0.0,5.0,5.0,9.0,10.0,1.0986122886681096,13.0,14.0,0,0,0.0,2.0,93.7,0.0,0.0,0,11.245137518896431,9.257414779362112,10.521399202410167,36,1.0,7.33972602739726,737.0,False,True,False,False,False,False,True,False,False,False,False,False,False,False,True,False,False,False,False,False,False,False,False,False,False,False,False,False,False,False,False,False,False,False,False,False,False,False,False,False,False,False,True,False,True,False,0.14023983
20000.0,14.08,11.571203807011967,3.44265917146975,0.0,0.0,32.0,14.0,0.0,8.71308886823731,12.5,48.0,45.0,1.0,0,0.0,12.41701000344554,3.0,1.791759469228055,4.0,6.0,0.6931471805599453,11.629721346883976,88.0,1.0986122886681096,3.0,8.647343875881283,60.0,10.789339695269716,1.791759469228055,0.0,2.19722457733622,10.0,9.932172186396038,10.607079990957612,13.1,0,0,97.0,171.0,1.0986122886681096,0.6931471805599453,5.0,2.302585092994046,36.0,1.0,33.0,0.0,2.0,2.0,6.0,8.0,3.367295829986474,8.0,15.0,0,0,0.0,6.0,100.0,0.0,0.0,0,12.635094762325012,11.682415042948804,10.747229096720554,36,4.0,14.263013698630138,767.0,False,False,False,True,False,False,True,False,False,False,False,False,False,False,False,False,False,False,False,False,False,False,False,False,False,False,False,False,False,False,False,False,False,False,False,False,True,False,False,False,False,False,True,False,True,False,0.15754114
40000.0,9.58,11.225256725762891,2.157559320943788,0.0,0.0,29.0,10.0,0.0,9.436280010592396,20.2,23.0,29.0,1.0,0,0.0,10.91190157328609,0.0,1.6094379124341005,0.0,0.0,3.295836866004329,10.652329576439037,92.0,0.0,2.0,9.123147160273806,51.0,11.038126355768451,0.0,0.6931471805599453,0.0,2.0,8.609407675404048,10.750792555754964,21.2,0,0,223.0,211.0,2.833213344056216,2.833213344056216,2.0,2.833213344056216,36.0,6.0,33.0,1.0986122886681096,3.0,3.0,5.0,6.0,2.70805020110221,6.0,7.0,0,0,0.0,0.0,90.5,20.0,0.0,0,11.589867987416367,10.91190157328609,10.988693712621323,60,10.0,18.594520547945205,717.0,False,True,False,False,False,False,True,False,False,False,False,False,False,False,False,False,False,False,False,False,False,False,False,True,False,False,False,False,False,False,False,False,False,False,False,False,False,False,False,False,False,False,True,False,True,False,0.12895945
8400.0,9.49,11.034905792929417,1.5303947050936475,0.0,2.0,32.0,17.0,0.0,8.6628507638386,37.6,18.0,45.0,1.0,0,0.0,10.795157669228036,0.0,2.5649493574615367,2.0,4.0,2.5649493574615367,10.66897865021924,100.0,1.0986122886681096,3.0,8.484876589939695,84.0,9.642187721358466,0.0,0.0,1.0986122886681096,7.0,7.962415680121063,8.601718146485926,51.0,0,0,62.0,72.0,2.079441541679836,2.079441541679836,0.0,2.079441541679836,36.0,1.0,33.0,0.0,2.0,3.0,3.0,3.0,2.5649493574615367,5.0,6.0,0,0,0.0,4.0,100.0,0.0,0.0,0,10.975088291957388,10.795157669228036,9.314790473332646,36,0.5,6.005479452054795,702.0,False,True,False,True,False,True,False,False,False,False,False,False,False,False,False,False,False,False,False,False,False,False,False,False,False,True,False,False,False,False,False,False,False,False,False,False,False,False,False,False,False,False,True,False,True,False,0.121376984
18550.0,17.99,11.034905792929417,3.2782761681496484,0.0,1.0,36.0,7.0,0.0,8.623533227187565,32.3,15.0,66.0,1.0,0,0.0,10.813780332606648,2.0,1.0986122886681096,1.0,2.0,1.0986122886681096,10.69514433474214,101.0,0.6931471805599453,2.0,7.639642287858013,58.0,9.75272280064639,1.3862943611198906,0.0,1.0986122886681096,4.0,8.867990898182093,8.497806477616047,48.9,0,0,103.0,123.0,1.3862943611198906,1.0986122886681096,0.0,1.3862943611198906,36.0,2.0,33.0,0.6931471805599453,4.0,5.0,4.0,4.0,2.079441541679836,5.0,7.0,0,0,0.0,2.0,86.7,25.0,0.0,0,11.16896929343927,10.813780332606648,9.169622538697624,36,6.0,11.254794520547945,677.0,False,True,False,False,True,False,True,False,False,False,False,False,False,False,False,False,False,False,False,False,False,False,True,False,False,False,False,False,False,False,False,False,False,False,False,False,False,False,False,False,False,False,True,False,False,False,0.4776455
18000.0,23.88,10.5713425658087,3.170945291110651,0.0,0.0,32.0,7.0,0.6931471805599453,9.41041998369184,56.3,9.0,45.0,1.0,0,0.0,10.231099221439427,0.0,0.6931471805599453,0.0,0.0,3.258096538021482,9.651108271786734,73.0,0.0,0.0,8.486115235845377,64.0,9.985113621416073,0.0,0.0,0.0,0.0,8.285513309079741,6.824373670043086,91.3,0,0,59.0,63.0,3.4657359027997265,3.258096538021482,0.0,3.688879454113936,36.0,6.0,33.0,0.0,3.0,5.0,3.0,4.0,1.0986122886681096,6.0,7.0,0,0,0.0,0.0,100.0,100.0,0.0,1,10.670396216658126,10.231099221439427,9.268703615273097,60,0.5,5.254794520547946,672.0,False,True,False,False,False,False,False,False,False,False,True,False,False,False,False,False,False,False,False,False,False,False,False,False,False,False,False,False,False,False,False,False,False,False,False,False,False,False,False,False,True,False,True,False,True,True,0.5747699
15000.0,7.39,11.082157933374816,3.3847291889548483,0.0,0.0,32.0,12.0,0.6931471805599453,9.797460147890598,45.3,21.0,45.0,1.0,0,0.0,11.131460046509943,1.0,1.791759469228055,0.0,1.0,2.833213344056216,10.8257404751745,63.0,0.6931471805599453,2.0,9.036463061964891,56.0,10.589131655274922,0.0,1.791759469228055,0.0,3.0,8.733755131364893,9.57094757444252,43.3,0,0,76.0,397.0,1.791759469228055,1.791759469228055,0.0,1.791759469228055,36.0,14.0,33.0,0.0,3.0,5.0,4.0,5.0,2.5649493574615367,7.0,9.0,0,0,0.0,1.0,100.0,0.0,0.6931471805599453,0,11.87789491419376,11.131460046509943,10.138599199626192,36,10.0,33.106849315068494,727.0,False,True,False,True,False,True,False,False,False,False,False,False,False,False,False,False,False,False,False,False,False,False,False,False,True,False,False,False,False,False,False,False,False,False,False,False,False,False,False,False,False,False,True,False,True,False,0.099770315
16000.0,15.31,11.002116507732016,2.995732273553991,0.6931471805599453,0.0,9.0,10.0,0.6931471805599453,9.149953221961088,28.2,19.0,45.0,1.0,0,0.0,11.41015049280112,0.0,1.0986122886681096,0.0,1.0,2.772588722239781,10.187951953831922,59.0,0.0,2.0,8.358900612421644,46.0,10.416341118636357,0.0,0.0,0.0,3.0,9.10764297373784,9.596146842421163,35.2,0,0,136.0,255.0,2.639057329615259,2.639057329615259,3.0,2.639057329615259,36.0,13.0,33.0,0.0,2.0,5.0,3.0,3.0,2.079441541679836,6.0,8.0,0,0,0.0,0.0,94.7,33.3,0.6931471805599453,0,11.995394823157543,10.491107536881149,10.030164255362632,60,4.0,21.350684931506848,722.0,False,False,False,False,False,False,False,True,False,False,False,False,False,False,False,False,False,False,False,False,True,False,False,False,False,False,False,False,False,False,False,False,False,False,False,False,False,False,False,False,False,False,True,False,True,False,0.22299613
10000.0,19.03,11.849404844423074,2.0438143640366846,0.0,1.0,62.0,19.0,0.0,10.247963389017864,54.5,26.0,85.0,1.0,0,9.475086413144906,10.69287629720916,2.0,1.0986122886681096,2.0,2.0,1.6094379124341005,9.668840589963487,85.0,0.6931471805599453,5.0,8.752897524775305,60.0,10.85516473308054,0.6931471805599453,0.0,1.3862943611198906,8.0,7.7488913372555315,9.775540538205506,61.6,0,0,10.0,200.0,1.3862943611198906,1.3862943611198906,0.0,1.3862943611198906,62.0,4.0,62.0,1.0986122886681096,7.0,8.0,13.0,18.0,1.0986122886681096,16.0,23.0,0,0,0.0,3.0,88.5,46.2,0.0,0,11.198022920916316,10.69287629720916,10.732061203925053,36,10.0,16.673972602739727,682.0,False,True,False,False,False,False,False,False,True,False,False,False,False,False,True,False,False,False,False,False,False,False,False,False,False,False,False,False,False,False,False,False,False,False,False,False,False,False,False,False,False,False,True,False,False,False,0.2720892
18000.0,12.62,10.844490409005417,0.7747271675523681,0.0,0.0,37.0,6.0,0.0,5.407171771460119,1.8,13.0,37.0,1.0,0,0.0,11.314035405456725,0.0,1.0986122886681096,0.0,0.0,3.332204510175204,11.311323224643749,110.0,0.0,0.0,5.1647859739235145,15.0,9.425532393502772,0.6931471805599453,0.0,1.3862943611198906,0.0,9.522373535291797,9.407468436087113,1.8,0,0,88.0,94.0,3.58351893845611,3.332204510175204,0.0,3.58351893845611,37.0,1.0,37.0,1.791759469228055,2.0,2.0,4.0,4.0,1.9459101490553128,4.0,7.0,0,0,0.0,0.0,62.5,0.0,0.0,0,11.372754939136216,11.314035405456725,9.425532393502772,36,6.0,7.838356164383562,687.0,False,True,False,False,True,False,False,True,False,False,False,False,False,False,False,False,False,True,False,False,False,False,False,False,False,False,False,False,False,False,False,False,False,False,False,False,False,False,False,False,False,False,True,False,False,False,0.29736045
15000.0,13.99,11.461642696843066,3.327550841493857,0.0,0.0,42.0,10.0,0.0,9.80978108609582,38.3,25.0,45.0,1.0,0,0.0,11.18925691026404,0.0,1.9459101490553128,2.0,4.0,2.079441541679836,10.693216830942315,82.0,0.0,0.0,9.626547576616248,53.0,10.7706090484022,1.0986122886681096,0.0,0.0,5.0,8.886823846515187,10.10438549490302,42.6,0,0,179.0,178.0,3.8712010109078903,2.079441541679836,0.0,3.951243718581428,42.0,13.0,42.0,0.0,2.0,3.0,2.0,5.0,2.9444389791664403,3.0,6.0,0,0,0.0,2.0,100.0,50.0,0.0,0,11.81928453143068,11.18925691026404,10.659633006160352,36,0.5,14.92876712328767,752.0,False,True,False,True,False,False,True,False,False,False,False,False,False,False,False,False,False,False,False,False,False,False,False,False,False,False,False,False,False,False,True,False,False,False,False,False,False,False,False,False,False,False,True,False,True,False,0.1751535
12000.0,22.39,10.819798284210286,2.969388298214389,0.6931471805599453,3.0,20.0,9.0,0.0,9.251002353695071,76.6,18.0,45.0,1.0,0,0.0,11.939519118342329,2.0,0.6931471805599453,0.0,0.0,4.0943445622221,8.502688505213357,52.0,1.791759469228055,7.0,7.665284718471351,67.0,9.517898598432753,0.6931471805599453,0.0,1.9459101490553128,7.0,9.742320649814571,6.977281341630747,84.2,0,0,229.0,168.0,1.0986122886681096,1.0986122886681096,2.0,1.0986122886681096,20.0,2.0,20.0,0.0,3.0,7.0,3.0,5.0,1.3862943611198906,7.0,12.0,0,0,0.0,5.0,94.4,66.7,0.0,0,12.101678329617672,9.63834944451924,8.824824939175638,60,9.0,19.095890410958905,672.0,True,False,False,True,False,False,True,False,False,False,False,False,False,False,False,False,False,False,False,True,False,False,False,False,False,False,False,False,False,False,False,False,False,False,False,False,False,False,False,False,False,False,True,False,True,False,0.4758285
16000.0,7.07,11.918397239722838,2.7053799725463312,0.0,0.0,32.0,16.0,0.0,9.589666822474651,15.0,27.0,45.0,1.0,0,0.0,11.276722003067231,0.0,1.0986122886681096,1.0,3.0,2.079441541679836,11.017513767256592,54.0,0.6931471805599453,2.0,9.046055177668327,26.0,11.488643018250334,0.6931471805599453,0.0,0.0,5.0,8.504310565585223,11.07952373816904,18.2,0,0,285.0,309.0,2.4849066497880004,2.079441541679836,0.0,2.4849066497880004,36.0,15.0,33.0,0.0,6.0,7.0,9.0,10.0,2.19722457733622,13.0,18.0,0,0,0.0,2.0,100.0,0.0,0.0,0,12.087486162196129,11.276722003067231,11.281006017883907,36,10.0,25.767123287671232,777.0,False,True,False,False,False,False,True,False,False,False,False,False,False,False,False,False,False,False,False,False,False,False,False,False,False,False,False,False,False,False,True,False,False,False,False,False,False,False,False,False,False,False,True,False,True,False,0.032006428
6025.0,24.49,11.695255355062796,2.922085733385692,0.0,1.0,32.0,11.0,0.0,9.70430463866676,71.9,20.0,45.0,1.0,0,0.0,12.415863444313674,0.0,1.6094379124341005,3.0,5.0,2.3978952727983707,10.861208094173422,80.0,1.0986122886681096,3.0,8.494333897270154,78.0,10.034559673629849,0.6931471805599453,1.791759469228055,2.079441541679836,8.0,10.018020869126287,7.643482907077201,86.0,0,0,96.0,167.0,2.079441541679836,2.079441541679836,3.0,2.19722457733622,36.0,0.0,33.0,0.6931471805599453,3.0,5.0,3.0,6.0,2.19722457733622,5.0,9.0,0,0,0.0,5.0,95.0,100.0,0.0,0,12.717988674588176,11.134618220904382,9.60918360377546,36,10.0,13.926027397260274,702.0,True,False,False,True,False,False,False,False,False,False,True,False,False,False,False,False,False,False,False,False,False,False,True,False,False,False,False,False,False,False,False,False,False,False,False,False,False,False,False,False,False,False,True,False,False,False,0.21961841
35000.0,12.99,11.849404844423074,3.5421180727185324,0.0,0.0,32.0,10.0,0.0,9.795456808322422,79.4,18.0,45.0,1.0,0,0.0,11.468325509601202,0.0,1.3862943611198906,0.0,1.0,3.091042453358316,11.260443212190522,23.0,1.3862943611198906,5.0,8.84246002419529,51.0,10.025749432069084,0.6931471805599453,0.6931471805599453,1.0986122886681096,6.0,9.165865881874351,8.250620082174692,81.6,0,0,118.0,263.0,2.302585092994046,2.302585092994046,1.0,2.302585092994046,36.0,9.0,33.0,0.0,5.0,6.0,6.0,11.0,1.6094379124341005,7.0,13.0,0,0,0.0,3.0,100.0,66.7,0.0,0,11.871697209086207,11.468325509601202,9.942756341456828,36,7.0,21.931506849315067,712.0,True,False,False,True,False,False,True,False,False,False,False,False,False,False,False,False,False,False,False,False,False,False,False,False,False,False,False,False,False,False,False,False,False,False,False,False,True,False,False,False,False,False,True,False,True,False,0.28954396
5000.0,11.49,11.127277689932466,2.699345760472064,0.0,0.0,55.0,8.0,0.0,8.954156966583772,78.2,23.0,45.0,1.0,0,0.0,12.313702085231991,0.0,1.0986122886681096,2.0,2.0,2.5649493574615367,10.284728271753428,88.0,0.6931471805599453,2.0,7.596392304064196,86.0,9.200391041122517,1.6094379124341005,0.0,2.3978952727983707,5.0,10.234300950948512,3.4339872044851463,98.8,0,0,121.0,111.0,2.079441541679836,2.079441541679836,1.0,2.079441541679836,55.0,7.0,55.0,0.0,2.0,5.0,2.0,4.0,2.4849066497880004,5.0,11.0,0,0,0.0,3.0,87.0,100.0,0.0,0,12.363349861217868,10.519240598188375,7.824445930877619,36,5.0,10.093150684931508,667.0,False,False,False,True,False,True,False,False,False,False,False,False,False,False,False,False,False,False,False,False,False,False,False,False,False,False,False,False,False,False,False,False,False,False,False,False,False,False,False,False,True,False,True,False,True,False,0.15486668
3500.0,9.75,10.34177474101152,2.8859174075467844,1.0986122886681096,0.0,23.0,7.0,0.0,8.150756470275551,49.5,15.0,23.0,1.0,0,3.970291913552122,9.440181444738114,1.0,0.6931471805599453,0.0,0.0,3.610917912644224,9.118115427933663,55.0,1.0986122886681096,3.0,7.370860166536716,53.0,8.853808274977197,0.0,0.6931471805599453,0.0,3.0,7.648739788956242,7.241366283322318,53.5,0,0,88.0,117.0,1.6094379124341005,1.6094379124341005,0.0,1.6094379124341005,36.0,13.0,33.0,1.0986122886681096,2.0,5.0,3.0,4.0,1.791759469228055,6.0,10.0,0,0,1.0986122886681096,2.0,86.7,50.0,0.0,0,10.072174918054278,9.440181444738114,8.006700845440367,36,5.0,9.761643835616438,672.0,False,True,False,False,True,False,True,False,False,False,False,False,False,False,False,False,False,False,True,False,False,False,False,False,False,False,False,False,False,False,False,False,False,False,False,False,False,False,False,False,False,False,True,False,True,False,0.13081849
7050.0,18.25,10.239995502805316,3.2805352052549286,0.0,1.0,32.0,10.0,0.0,9.474165107897395,74.0,13.0,45.0,1.0,0,0.0,10.077188727036472,2.0,0.6931471805599453,1.0,1.0,2.5649493574615367,9.27556615689389,86.0,0.6931471805599453,4.0,8.454466361507933,76.0,9.77571099759397,0.6931471805599453,0.0,1.791759469228055,6.0,7.77485576666552,8.12355783506165,79.1,0,0,65.0,53.0,1.6094379124341005,0.6931471805599453,0.0,2.70805020110221,36.0,4.0,33.0,0.0,5.0,6.0,5.0,5.0,1.3862943611198906,7.0,8.0,0,0,0.0,3.0,100.0,80.0,0.0,0,10.346280557910273,10.077188727036472,9.686636660844938,36,2.0,5.421917808219178,662.0,False,True,False,False,True,False,True,False,False,False,False,False,False,False,False,False,False,False,False,False,False,False,False,False,True,False,False,False,False,False,False,False,False,False,False,False,False,False,False,False,False,False,True,False,True,False,0.46977618
20000.0,18.99,11.002116507732016,3.148453360571655,0.0,0.0,32.0,7.0,0.6931471805599453,9.423918318420691,48.2,10.0,45.0,1.0,0,4.59511985013459,10.314106025885089,0.0,1.0986122886681096,1.0,2.0,2.079441541679836,9.785548254671442,71.0,1.0986122886681096,2.0,8.471986598578159,60.0,10.154285180632154,0.0,0.6931471805599453,0.0,4.0,8.368461137615839,8.651898894268529,68.4,0,0,50.0,176.0,2.5649493574615367,2.079441541679836,0.0,2.5649493574615367,36.0,6.0,33.0,0.0,4.0,4.0,4.0,5.0,1.3862943611198906,5.0,7.0,0,0,0.0,3.0,100.0,25.0,0.6931471805599453,0,10.833049826603522,10.314106025885089,9.803722464346553,36,2.0,14.676712328767124,687.0,False,True,False,False,True,False,True,False,False,False,False,False,False,False,False,False,False,True,False,False,False,False,False,False,False,False,False,False,False,False,False,False,False,False,False,False,False,False,False,False,False,False,True,False,True,False,0.38826832
32000.0,9.49,11.06665398721974,1.205970806988609,0.0,0.0,32.0,14.0,0.0,6.796823718274855,0.8,32.0,45.0,1.0,0,0.0,12.409902889811514,0.0,0.0,0.0,0.0,3.8712010109078903,0.0,72.0,0.6931471805599453,2.0,5.537334267018537,1.0,11.661354090741,0.0,0.6931471805599453,1.0986122886681096,2.0,9.770927116951649,11.640500403089082,0.8,0,0,153.0,181.0,2.079441541679836,2.079441541679836,8.0,2.079441541679836,36.0,4.0,33.0,0.0,7.0,7.0,11.0,14.0,1.3862943611198906,12.0,20.0,0,0,0.0,1.0,100.0,0.0,0.0,0,12.90141491511842,6.796823718274855,11.648338835562749,36,10.0,15.095890410958903,832.0,False,False,False,True,False,False,False,True,False,False,False,False,False,False,False,False,False,True,False,False,False,False,False,False,False,False,False,False,False,False,False,False,False,False,False,False,False,False,False,False,False,False,True,False,True,False,0.07651883
21150.0,9.75,11.211833885608511,3.410817625039146,0.6931471805599453,0.0,20.0,9.0,0.0,8.894258825002703,23.5,25.0,45.0,1.0,0,4.356708826689592,11.076232813045465,1.0,1.3862943611198906,0.0,2.0,2.639057329615259,10.956544439544736,56.0,1.0986122886681096,2.0,8.8698199525084,42.0,10.34177474101152,0.0,1.3862943611198906,0.0,4.0,8.996899596123358,9.938468521431371,26.0,0,0,152.0,295.0,1.6094379124341005,1.6094379124341005,0.0,2.3978952727983707,20.0,6.0,20.0,0.0,2.0,2.0,4.0,9.0,2.639057329615259,6.0,12.0,0,0,0.0,2.0,88.0,0.0,0.0,0,11.70307463920832,11.076232813045465,10.239995502805316,36,6.0,24.68219178082192,747.0,True,False,False,False,False,False,False,False,False,False,True,False,False,False,False,False,False,False,False,False,False,False,False,False,False,False,False,False,False,False,False,False,False,False,False,False,False,False,False,False,True,False,True,False,True,False,0.10777742
25000.0,15.31,11.775297421715829,2.91235066461494,0.6931471805599453,1.0,22.0,16.0,0.0,9.39391114817057,80.6,39.0,45.0,1.0,0,0.0,13.131808630232014,5.0,1.3862943611198906,2.0,5.0,2.3978952727983707,11.300227171517555,90.0,1.9459101490553128,8.0,7.997326822998097,87.0,9.60918360377546,1.6094379124341005,1.3862943611198906,1.6094379124341005,13.0,10.359265474517882,6.380122536899765,90.7,0,0,131.0,145.0,1.3862943611198906,1.3862943611198906,4.0,1.6094379124341005,35.0,4.0,32.0,0.6931471805599453,5.0,9.0,5.0,10.0,2.70805020110221,11.0,21.0,0,0,0.0,8.0,71.8,60.0,0.0,0,13.242305857558993,11.438783646089869,8.748463629942055,36,10.0,12.087671232876712,677.0,False,False,False,False,True,False,True,False,False,False,False,False,False,False,False,False,False,False,False,False,False,False,False,True,False,False,False,False,False,False,False,False,False,False,False,False,False,False,False,False,False,False,True,False,True,False,0.34861282
5100.0,7.91,10.043292972227004,3.357245494132973,0.0,0.0,41.0,14.0,0.0,8.545197387825835,21.0,34.0,45.0,1.0,0,0.0,10.849861221114018,2.0,0.6931471805599453,1.0,1.0,1.791759469228055,8.48528964240323,91.0,0.6931471805599453,5.0,8.545197387825835,21.0,10.093074320321495,0.0,0.0,1.3862943611198906,7.0,8.285008895449879,8.612685172875459,93.0,0,0,145.0,339.0,1.9459101490553128,1.791759469228055,1.0,1.9459101490553128,36.0,6.0,41.0,0.0,1.0,11.0,6.0,6.0,1.9459101490553128,11.0,27.0,0,0,0.0,3.0,97.0,100.0,0.0,0,11.17759257904244,9.208739090609209,8.612685172875459,36,7.0,28.27123287671233,717.0,False,False,False,False,False,True,False,False,False,False,False,False,False,False,False,False,False,False,False,True,False,False,False,False,False,False,False,False,False,False,False,False,False,False,False,False,False,False,False,False,False,False,True,False,True,False,0.1740254
30000.0,7.35,12.206077645517674,2.0681277817795625,0.6931471805599453,0.0,16.0,12.0,0.0,11.465047384725764,61.5,26.0,45.0,1.0,0,0.0,13.105528462091446,1.0,0.0,0.0,0.0,4.248495242049359,0.0,72.0,0.6931471805599453,3.0,8.987321812850125,62.0,11.686046493072435,0.0,0.0,1.0986122886681096,3.0,10.707661664255449,9.771383711902793,62.4,0,0,226.0,168.0,0.6931471805599453,0.6931471805599453,3.0,0.6931471805599453,16.0,10.0,16.0,0.0,6.0,8.0,7.0,11.0,2.079441541679836,10.0,15.0,0,0,0.0,1.0,95.5,42.9,0.0,0,13.247587106758235,11.465047384725764,10.74937727911096,36,10.0,18.931506849315067,692.0,False,False,False,False,True,False,True,False,False,False,False,False,False,False,False,True,False,False,False,False,False,False,False,False,False,False,False,False,False,False,False,False,False,False,False,False,False,False,False,False,False,False,True,False,False,False,0.065886654
8000.0,5.32,11.373674891823535,2.787477334733532,0.6931471805599453,2.0,18.0,7.0,0.0,9.218110109240545,58.6,23.0,45.0,1.0,0,4.691347882229144,11.807600529358972,1.0,1.3862943611198906,1.0,1.0,1.3862943611198906,10.297318579745925,62.0,0.0,0.0,9.217018026729423,61.0,9.75272280064639,1.6094379124341005,1.0986122886681096,2.4849066497880004,1.0,9.861727618287896,8.871224644409553,58.6,0,0,120.0,155.0,3.6375861597263857,1.3862943611198906,3.0,3.828641396489095,18.0,3.0,18.0,0.0,2.0,2.0,3.0,8.0,2.079441541679836,3.0,13.0,0,0,0.0,1.0,95.7,33.3,0.0,0,12.067040436834615,10.589861848808644,9.75272280064639,36,4.0,12.926027397260274,692.0,False,False,False,False,False,True,False,False,False,False,False,False,False,False,False,False,False,False,False,True,False,False,False,False,False,False,False,False,False,False,False,False,False,False,False,False,False,False,False,False,False,False,True,False,True,False,0.047584523
15000.0,18.99,11.350418300109132,2.93119375241642,0.0,0.0,32.0,12.0,0.0,9.745546364467552,73.0,19.0,45.0,1.0,0,0.0,11.034308850226251,0.0,1.0986122886681096,2.0,2.0,2.302585092994046,10.64268304658791,81.0,1.6094379124341005,8.0,8.647519453091812,76.0,10.060534035475412,1.3862943611198906,0.0,1.9459101490553128,11.0,8.549660381553739,8.445052513638554,76.6,0,0,126.0,150.0,2.079441541679836,2.079441541679836,2.0,2.079441541679836,36.0,9.0,33.0,0.0,7.0,8.0,8.0,10.0,1.6094379124341005,9.0,12.0,0,0,0.0,7.0,100.0,87.5,0.0,0,11.20039043373998,11.034308850226251,9.898525260706313,36,1.0,12.509589041095891,672.0,False,True,False,False,True,False,True,False,False,False,False,False,False,False,False,False,False,False,False,False,False,False,False,False,False,False,False,False,False,False,False,False,False,False,False,False,False,False,False,False,False,False,True,False,True,False,0.36901575
6000.0,11.49,10.477316144080852,2.796061078424924,0.0,3.0,27.0,6.0,0.0,8.74209519574531,65.9,26.0,45.0,1.0,0,6.175867270105761,9.419222713938122,2.0,0.6931471805599453,0.0,1.0,2.70805020110221,8.70996000607173,87.0,1.0986122886681096,2.0,8.189522110748094,75.0,9.15915233520675,0.6931471805599453,2.079441541679836,1.6094379124341005,3.0,7.628031126930335,7.83161727635261,68.5,0,0,117.0,139.0,1.3862943611198906,1.3862943611198906,0.0,1.3862943611198906,33.0,3.0,27.0,0.0,3.0,4.0,3.0,5.0,2.079441541679836,5.0,19.0,0,0,0.0,2.0,80.0,33.3,0.0,0,9.711176264112805,9.419222713938122,8.987321812850125,36,4.0,11.58904109589041,667.0,False,True,False,True,False,False,True,False,False,False,False,False,False,False,False,False,False,False,False,False,False,False,False,False,False,False,False,False,False,False,False,False,False,False,False,False,False,False,False,True,False,False,True,False,False,False,0.21769162
35000.0,15.05,10.915106645867503,2.948116419612328,0.0,0.0,32.0,6.0,0.0,9.368283850042138,73.2,13.0,45.0,1.0,0,0.0,11.606488665148415,1.0,0.6931471805599453,0.0,1.0,3.091042453358316,10.061217533302012,71.0,0.6931471805599453,1.0,7.8655717576847906,72.0,9.680406499268877,0.0,0.6931471805599453,0.0,3.0,9.99706896615766,8.022240916806537,59.4,0,0,131.0,144.0,1.9459101490553128,1.9459101490553128,3.0,1.9459101490553128,36.0,13.0,33.0,0.0,2.0,3.0,2.0,3.0,1.6094379124341005,4.0,6.0,0,0,0.0,1.0,100.0,50.0,0.0,0,11.765985036269525,10.466725344516837,8.922791623969637,60,10.0,12.09041095890411,727.0,False,False,False,False,True,False,False,False,False,False,True,False,False,False,False,False,False,False,False,False,False,False,False,False,False,False,False,True,False,False,False,False,False,False,False,False,False,False,False,False,False,False,True,False,True,False,0.36022264
24000.0,17.09,11.225256725762891,3.030133700271324,0.0,1.0,32.0,16.0,0.6931471805599453,8.281470857895167,19.2,29.0,45.0,1.0,0,6.218600119691729,11.5988921297714,1.0,2.302585092994046,1.0,3.0,1.9459101490553128,11.561982260257093,100.0,0.0,0.0,8.183676582620658,87.0,9.933094897288786,1.3862943611198906,0.6931471805599453,1.6094379124341005,3.0,8.959954084268098,9.633448915256942,19.2,0,0,112.0,298.0,3.258096538021482,1.9459101490553128,2.0,3.258096538021482,36.0,1.0,33.0,0.0,2.0,3.0,4.0,10.0,2.3978952727983707,7.0,17.0,0,0,0.0,1.0,100.0,33.3,0.6931471805599453,0,11.740387677428457,11.5988921297714,9.846970109700957,60,9.0,24.934246575342467,662.0,False,False,False,True,False,False,True,False,False,False,False,False,False,False,False,False,False,False,False,False,False,False,False,False,False,False,False,False,False,False,False,False,False,False,False,False,False,False,False,False,True,False,True,False,True,False,0.31534475
24000.0,15.31,11.097425172408933,3.0243197304059035,0.6931471805599453,0.0,16.0,10.0,0.0,9.20552881497896,79.6,29.0,16.0,1.0,0,0.0,11.969299126796075,0.0,1.791759469228055,1.0,1.0,2.4849066497880004,10.085142220342378,57.0,0.6931471805599453,2.0,8.736649954872451,62.0,9.433563920090563,1.0986122886681096,0.0,1.3862943611198906,5.0,9.66675204770245,7.261927092702751,86.4,0,0,178.0,127.0,2.5649493574615367,2.4849066497880004,2.0,2.5649493574615367,29.0,10.0,29.0,0.6931471805599453,3.0,4.0,3.0,9.0,2.772588722239781,4.0,11.0,0,0,0.6931471805599453,2.0,89.7,66.7,0.0,0,12.112525410824537,10.43220220913786,9.259225769705994,60,8.0,14.92876712328767,677.0,True,False,False,False,True,False,True,False,False,False,False,False,False,False,False,False,False,False,False,False,False,False,True,False,False,False,False,False,False,False,False,False,False,False,False,False,False,False,False,False,False,False,True,False,True,False,0.33989546
8000.0,7.99,11.156264806643742,3.3474449256629084,0.0,0.0,68.0,23.0,0.0,9.844215141071055,60.0,46.0,45.0,1.0,0,0.0,11.08117284810068,1.0,2.302585092994046,0.0,1.0,2.995732273553991,10.73832958879877,53.0,0.6931471805599453,2.0,8.32020459757888,55.0,10.354595018522993,0.0,1.3862943611198906,0.6931471805599453,3.0,8.03689677268507,8.865735152124781,65.4,0,0,139.0,168.0,1.3862943611198906,1.3862943611198906,0.0,1.3862943611198906,68.0,12.0,68.0,1.3862943611198906,7.0,10.0,7.0,14.0,2.9444389791664403,14.0,28.0,0,0,0.0,1.0,84.1,57.1,0.0,0,11.66796146706976,11.08117284810068,9.928228944424577,36,0.5,14.01095890410959,717.0,False,True,False,True,False,True,False,False,False,False,False,False,False,False,False,False,False,False,False,False,False,False,False,False,False,False,False,False,True,False,False,False,False,False,False,False,False,False,False,False,False,False,True,False,True,False,0.11844136
19200.0,18.99,10.87806606028079,3.540669426948749,0.0,0.0,45.0,8.0,0.6931471805599453,8.607216694063826,36.5,29.0,45.0,1.0,0,5.19295685089021,11.736468936305766,1.0,1.3862943611198906,3.0,4.0,1.9459101490553128,11.691740882434896,80.0,0.0,1.0,8.607216694063826,71.0,9.61587214452889,0.0,1.791759469228055,1.6094379124341005,5.0,9.79059877045751,8.926783114101351,42.1,0,0,129.0,198.0,3.044522437723423,1.9459101490553128,3.0,3.688879454113936,36.0,3.0,33.0,1.0986122886681096,1.0,1.0,2.0,5.0,2.772588722239781,3.0,9.0,0,0,0.0,3.0,92.0,50.0,0.6931471805599453,0,11.879649744761965,11.736468936305766,9.472781556562168,60,1.0,16.512328767123286,677.0,False,True,False,False,False,True,False,False,False,False,False,False,False,False,False,False,False,False,False,False,False,False,False,False,False,False,False,False,False,False,False,False,False,False,False,False,True,False,False,False,False,False,True,False,True,False,0.4607337
19200.0,7.99,11.982935344196433,2.5779415157551897,0.6931471805599453,0.0,7.0,18.0,0.0,9.054037377580782,34.1,32.0,59.0,1.0,0,0.0,12.640814962838224,0.0,1.0986122886681096,1.0,3.0,2.4849066497880004,12.073580712480313,105.0,0.0,0.0,8.748463629942055,92.0,10.130662964963708,0.6931471805599453,0.0,1.6094379124341005,4.0,9.750511182936638,9.46877384406884,39.8,0,0,159.0,282.0,4.477336814478207,2.302585092994046,3.0,4.477336814478207,7.0,8.0,7.0,1.0986122886681096,2.0,2.0,4.0,4.0,3.091042453358316,6.0,8.0,0,0,0.0,2.0,93.5,50.0,0.0,0,12.638766983691005,12.121244338453918,9.975854724662028,36,3.0,23.52054794520548,682.0,False,False,False,False,False,False,False,True,False,False,False,False,False,True,False,False,False,False,False,False,False,False,False,False,False,False,False,False,False,False,False,False,False,False,False,False,False,False,False,False,False,False,True,False,True,False,0.077985644
20000.0,11.44,12.506180941677355,2.481567748522486,0.6931471805599453,1.0,2.0,16.0,0.0,9.74020362461931,15.0,42.0,2.0,1.0,1,0.0,14.009902309322984,0.0,1.0986122886681096,1.0,3.0,2.5649493574615367,9.716675930469307,47.0,0.0,3.0,8.716535732544495,24.0,11.634266607494451,1.3862943611198906,0.0,1.3862943611198906,7.0,11.237330053653594,11.406620058599298,15.9,0,1,149.0,351.0,2.639057329615259,2.5649493574615367,9.0,2.639057329615259,36.0,5.0,33.0,1.0986122886681096,5.0,5.0,7.0,10.0,2.302585092994046,10.0,23.0,1,0,0.6931471805599453,1.0,97.6,0.0,0.0,0,14.146055261420688,10.48762869168776,11.579658451506331,60,1.0,29.775342465753425,772.0,False,False,False,False,True,False,True,False,False,False,False,False,False,False,False,False,False,False,False,False,False,False,False,False,False,False,False,False,False,False,False,False,False,True,False,False,False,False,False,False,False,False,True,False,True,False,0.076631874
34225.0,18.25,11.002116507732016,3.559340082758951,0.0,0.0,32.0,9.0,0.0,10.50210424924984,98.1,28.0,45.0,1.0,0,0.0,12.2349758931369,0.0,1.0986122886681096,0.0,1.0,2.639057329615259,9.647949933410914,48.0,0.0,0.0,9.655795128300506,75.0,10.521399202410167,0.0,0.0,0.0,1.0,10.037799890143722,0.0,100.8,0,0,158.0,257.0,4.23410650459726,2.639057329615259,4.0,4.77912349311153,36.0,6.0,33.0,0.0,2.0,6.0,2.0,4.0,2.3978952727983707,6.0,14.0,0,0,0.0,0.0,100.0,100.0,0.0,0,12.37362737408104,10.856707913495192,9.942756341456828,60,8.0,21.43013698630137,732.0,False,False,False,False,True,False,True,False,False,False,False,False,False,False,False,False,False,False,False,False,False,False,False,False,False,False,False,False,False,False,False,False,False,True,False,False,False,False,False,False,False,False,True,False,True,True,0.29313934
5000.0,10.99,10.463131911491969,3.1912990570979662,0.0,2.0,48.0,10.0,0.6931471805599453,8.598957493218878,48.4,17.0,48.0,1.0,0,5.214935757608986,11.898527943982142,2.0,1.6094379124341005,1.0,1.0,1.791759469228055,10.284899010540572,107.0,0.6931471805599453,2.0,7.167809184316444,90.0,9.32375833901174,0.6931471805599453,0.0,1.3862943611198906,4.0,9.596010852756168,4.653960350157523,92.6,0,0,126.0,38.0,1.9459101490553128,1.791759469228055,1.0,3.555348061489413,36.0,1.0,33.0,0.6931471805599453,1.0,5.0,1.0,1.0,2.302585092994046,5.0,6.0,0,0,0.0,2.0,100.0,100.0,0.6931471805599453,0,11.946090042653786,10.454840727478189,7.244941546337007,36,10.0,10.504109589041096,697.0,False,False,False,False,True,False,True,False,False,False,False,False,False,False,False,False,False,False,False,False,False,False,False,False,False,False,False,False,False,False,False,True,False,False,False,False,False,False,False,False,False,False,True,False,True,False,0.22219841
24000.0,15.59,11.289794413577894,3.337192051686243,0.0,1.0,32.0,17.0,0.0,9.90678211948556,53.5,36.0,45.0,1.0,0,0.0,12.14022126296706,0.0,1.3862943611198906,1.0,2.0,2.302585092994046,10.616437360392252,73.0,0.0,1.0,8.58223158759546,65.0,10.53212287826962,1.0986122886681096,0.0,1.0986122886681096,4.0,9.36768594269996,7.415776975415394,88.5,0,0,141.0,216.0,2.833213344056216,2.302585092994046,2.0,2.833213344056216,36.0,2.0,33.0,0.0,6.0,11.0,7.0,8.0,2.833213344056216,13.0,18.0,0,0,0.0,2.0,100.0,85.7,0.0,0,12.307789531223165,11.016413575843696,9.575052927597383,60,10.0,18.013698630136986,702.0,False,False,False,False,True,False,True,False,False,False,False,False,False,False,False,False,False,False,False,False,False,False,False,False,False,False,False,False,False,False,False,True,False,False,False,False,False,False,False,False,False,False,True,False,True,False,0.31915054
9100.0,12.79,10.545367754151744,2.8864752876170416,0.0,0.0,32.0,6.0,0.6931471805599453,9.090655529030204,97.5,13.0,45.0,1.0,0,0.0,12.159766892653662,0.0,0.6931471805599453,1.0,1.0,2.19722457733622,9.085683767376628,90.0,0.0,1.0,8.065579427282092,93.0,9.116139576577355,0.0,1.6094379124341005,1.0986122886681096,3.0,10.36803884477013,5.438079308923196,97.5,0,0,128.0,131.0,2.9444389791664403,2.19722457733622,2.0,2.9444389791664403,36.0,12.0,33.0,0.0,4.0,4.0,4.0,6.0,1.791759469228055,4.0,6.0,0,0,0.0,2.0,100.0,100.0,0.6931471805599453,0,12.174287817530669,9.781263419790754,9.116139576577355,36,2.0,13.75890410958904,662.0,False,False,False,False,True,False,True,False,False,False,False,False,False,False,False,False,False,False,True,False,False,False,False,False,False,False,False,False,False,False,False,False,False,False,False,False,False,False,False,False,False,False,True,False,True,False,0.19495982
15000.0,14.49,11.002116507732016,2.715356776284648,0.0,2.0,47.0,14.0,0.0,8.969541885423252,20.7,26.0,47.0,1.0,0,4.574710978503383,12.766419594673511,0.0,0.6931471805599453,1.0,1.0,2.5649493574615367,9.81536646914095,83.0,1.3862943611198906,6.0,7.8156105320351905,44.0,10.542732775946709,1.9459101490553128,0.0,2.5649493574615367,7.0,10.12739081519658,9.576510097476705,24.9,0,0,128.0,158.0,2.19722457733622,2.19722457733622,1.0,2.19722457733622,63.0,0.0,62.0,1.6094379124341005,3.0,9.0,4.0,8.0,1.791759469228055,12.0,20.0,0,0,0.0,4.0,80.8,0.0,0.0,0,12.952883808175663,10.17244541598963,9.862717639992916,36,10.0,13.263013698630138,712.0,False,False,False,True,False,False,False,False,False,False,True,False,False,False,True,False,False,False,False,False,False,False,False,False,False,False,False,False,False,False,False,False,False,False,False,False,False,False,False,False,False,False,True,False,True,False,0.20482016
16000.0,11.44,11.695255355062796,2.211565694606877,1.0986122886681096,0.0,20.0,13.0,0.0,8.694167141883597,37.3,24.0,20.0,1.0,0,6.249975242259483,11.766536143737785,0.0,1.0986122886681096,0.0,0.0,3.4657359027997265,10.016191042449211,55.0,0.6931471805599453,4.0,7.763446388727362,50.0,9.680406499268877,0.0,1.3862943611198906,1.0986122886681096,4.0,9.20170317858052,8.80597465931132,32.6,0,0,189.0,151.0,2.19722457733622,2.19722457733622,2.0,2.19722457733622,26.0,8.0,23.0,1.6094379124341005,5.0,7.0,5.0,8.0,1.9459101490553128,10.0,15.0,0,0,0.6931471805599453,1.0,65.2,0.0,0.0,0,12.168266930794276,10.252488123663166,9.200391041122517,36,2.0,15.761643835616438,672.0,False,False,False,False,False,False,True,False,False,False,False,False,False,False,False,False,False,False,False,False,False,False,False,False,False,False,False,False,False,False,False,False,False,False,False,False,False,False,False,False,True,False,True,False,False,False,0.12786624
15000.0,13.49,11.695255355062796,3.0184717605234805,0.0,1.0,30.0,11.0,0.0,10.43055063239178,61.5,23.0,31.0,1.0,0,0.0,12.67650430815655,0.0,1.3862943611198906,0.0,2.0,2.772588722239781,10.37370990785957,60.0,0.6931471805599453,2.0,9.425935505533063,61.0,10.916923143796645,0.0,1.6094379124341005,1.0986122886681096,4.0,10.278630900757904,9.79846031466842,58.8,0,0,45.0,278.0,2.079441541679836,2.079441541679836,4.0,2.079441541679836,36.0,0.0,30.0,0.0,4.0,6.0,4.0,6.0,1.3862943611198906,7.0,15.0,0,0,0.0,1.0,91.3,75.0,0.0,0,12.858205104665894,11.095666076979352,10.685126264117056,60,8.0,23.183561643835617,707.0,False,True,False,False,False,False,True,False,False,False,False,False,False,False,False,False,False,False,False,False,False,False,False,True,False,False,False,False,False,False,False,False,False,False,False,False,False,False,False,False,False,False,True,False,True,False,0.24708486
19500.0,30.65,11.462916818752968,2.7568403652716422,0.6931471805599453,4.0,10.0,9.0,0.0,9.061376218836225,31.0,27.0,58.0,1.0,0,0.0,12.272805632066278,4.0,1.0986122886681096,2.0,2.0,1.0986122886681096,10.250652418696085,93.0,1.0986122886681096,2.0,0.0,31.0,10.246367785452671,0.0,0.6931471805599453,1.6094379124341005,4.0,10.075590409135753,8.806873266530692,0.0,0,0,157.0,146.0,0.6931471805599453,0.6931471805599453,3.0,1.6094379124341005,36.0,0.0,10.0,0.0,1.0,6.0,1.0,1.0,2.8903717578961645,6.0,7.0,0,0,0.0,4.0,93.0,0.0,0.0,0,12.449242328573352,10.516400340385466,8.806873266530692,60,10.0,13.093150684931508,682.0,False,False,False,False,False,False,True,False,False,False,False,False,False,False,False,False,False,False,False,False,False,False,False,False,False,False,False,False,False,False,False,False,False,False,False,False,False,False,False,False,True,False,True,False,True,False,0.50638473
9000.0,11.44,10.985309671896765,3.134189016701007,0.0,0.0,32.0,13.0,0.0,10.619643001144992,73.2,34.0,45.0,1.0,0,0.0,11.988867675882227,1.0,0.0,0.0,0.0,3.4011973816621555,0.0,72.0,1.0986122886681096,3.0,9.01942196795671,73.0,10.93133754807084,0.0,0.0,0.0,3.0,9.423999084079178,7.708410667257367,93.0,0,0,159.0,185.0,1.6094379124341005,1.6094379124341005,1.0,1.6094379124341005,36.0,19.0,33.0,0.0,5.0,9.0,6.0,13.0,1.791759469228055,12.0,28.0,0,0,0.0,2.0,100.0,83.3,0.0,0,12.144330211694603,10.619643001144992,10.37039263624398,36,7.0,15.43013698630137,682.0,False,False,False,True,False,False,True,False,False,False,False,False,False,False,False,False,False,False,False,False,False,False,False,False,False,False,False,False,False,False,False,False,False,False,False,False,True,False,False,False,False,False,True,False,True,False,0.19677001
18000.0,10.99,10.491301994830229,1.916922612182061,0.0,0.0,32.0,3.0,0.0,9.102643796520807,45.3,15.0,45.0,1.0,0,0.0,9.102643796520807,0.0,0.0,0.0,0.0,4.465908118654584,0.0,72.0,0.0,0.0,9.02063159674821,45.0,9.893487720457795,0.0,0.0,0.0,0.0,8.4096079807363,9.289428778295148,45.3,0,0,86.0,254.0,3.295836866004329,3.295836866004329,0.0,3.295836866004329,36.0,6.0,33.0,0.0,2.0,2.0,3.0,10.0,0.6931471805599453,3.0,14.0,0,0,0.0,0.0,100.0,0.0,0.0,0,9.893487720457795,9.102643796520807,9.893487720457795,36,6.0,21.186301369863013,762.0,False,True,False,True,False,False,False,False,True,False,False,False,False,False,True,False,False,False,False,False,False,False,False,False,False,False,False,False,False,False,False,False,False,False,False,False,False,False,False,False,False,False,True,False,True,False,0.23577541
1500.0,6.99,10.448163726677256,3.1354942159291497,0.0,0.0,32.0,9.0,0.0,7.563719668414366,7.6,11.0,45.0,1.0,0,0.0,10.609624993134318,0.0,1.791759469228055,0.0,1.0,3.218875824868201,10.560929832225296,80.0,0.6931471805599453,2.0,7.194436851100335,55.0,10.138599199626192,0.0,0.0,0.0,3.0,8.412499120301572,10.059422354156888,7.6,0,0,133.0,188.0,2.302585092994046,2.302585092994046,0.0,2.302585092994046,36.0,16.0,33.0,0.0,3.0,3.0,4.0,4.0,2.079441541679836,4.0,4.0,0,0,0.0,1.0,90.9,0.0,0.0,0,11.202697806748905,10.609624993134318,10.138599199626192,36,0.5,15.75890410958904,762.0,False,True,False,True,False,False,False,False,False,False,True,False,False,False,False,False,False,False,False,False,False,False,False,False,False,False,False,False,False,False,False,False,False,True,False,False,False,False,False,False,False,False,True,False,True,False,0.036023702
14975.0,12.88,10.436524664667338,3.414442608412176,0.0,0.0,32.0,19.0,0.6931471805599453,9.196849781793684,22.9,24.0,45.0,1.0,0,0.0,10.05745250083064,2.0,0.6931471805599453,3.0,3.0,1.791759469228055,9.507774735870642,84.0,0.6931471805599453,4.0,8.39072252736229,40.0,10.66897865021924,0.0,0.0,0.6931471805599453,7.0,7.167809184316444,9.49137540170617,38.1,0,0,79.0,134.0,1.6094379124341005,1.6094379124341005,0.0,3.044522437723423,36.0,12.0,33.0,0.0,4.0,7.0,6.0,7.0,1.791759469228055,17.0,19.0,0,0,0.0,4.0,100.0,33.3,0.6931471805599453,0,10.984851947794684,10.05745250083064,9.97119292889014,36,6.0,11.172602739726027,712.0,False,True,False,False,True,False,False,True,False,False,False,False,False,False,False,False,False,False,False,False,False,False,False,False,False,False,False,False,False,False,False,False,False,False,False,False,False,False,False,False,True,False,True,False,True,False,0.36443308
11200.0,15.99,10.778977123006351,3.461978853922014,0.0,0.0,43.0,11.0,0.6931471805599453,8.708804795117285,42.0,22.0,43.0,1.0,0,0.0,12.414070071196967,2.0,1.6094379124341005,1.0,4.0,2.4849066497880004,10.450625818960438,68.0,0.6931471805599453,3.0,8.14060704285845,62.0,9.575052927597383,0.6931471805599453,0.0,1.0986122886681096,8.0,10.016235712227882,7.1891677384203225,75.5,0,0,157.0,282.0,1.791759469228055,1.791759469228055,2.0,2.833213344056216,81.0,7.0,81.0,1.6094379124341005,2.0,4.0,2.0,5.0,2.302585092994046,6.0,11.0,0,0,0.0,3.0,77.3,50.0,0.6931471805599453,0,12.514149081932167,10.61204045324592,8.594339400592892,60,6.0,23.51232876712329,667.0,False,False,False,False,False,False,True,False,False,False,False,False,False,False,False,False,False,False,False,False,False,False,False,False,False,False,False,False,False,False,False,False,False,False,False,False,False,True,False,False,False,False,True,False,True,False,0.33371496
15525.0,19.99,10.518700218288163,3.051166980442092,0.0,0.0,71.0,10.0,0.0,8.946114375560743,69.8,27.0,71.0,1.0,0,8.611411866655219,10.165659490817816,0.0,0.6931471805599453,0.0,1.0,2.639057329615259,9.815639461962933,86.0,1.0986122886681096,2.0,7.96102146588337,81.0,9.305741456739437,1.0986122886681096,0.0,0.0,3.0,7.968665700466235,5.976350909297934,91.6,0,0,47.0,138.0,2.079441541679836,2.079441541679836,0.0,3.367295829986474,71.0,13.0,71.0,1.3862943611198906,3.0,7.0,3.0,8.0,1.0986122886681096,9.0,25.0,0,0,0.0,2.0,88.9,100.0,0.0,0,10.380187461572742,10.165659490817816,8.45553053102413,36,10.0,11.512328767123288,672.0,False,True,False,True,False,False,True,False,False,False,False,False,False,False,True,False,False,False,False,False,False,False,False,False,False,False,False,False,False,False,False,False,False,False,False,False,False,False,False,False,False,False,True,False,True,False,0.45722124
20000.0,9.16,11.07443600653965,2.7750856024383683,0.0,0.0,32.0,15.0,0.6931471805599453,8.746080217357513,22.2,39.0,45.0,1.0,0,0.0,11.652774360086626,3.0,1.0986122886681096,0.0,0.0,3.49650756146648,9.012133305952004,40.0,1.0986122886681096,4.0,6.993932975223189,30.0,10.250652418696085,0.6931471805599453,2.3978952727983707,0.6931471805599453,5.0,8.944811104165534,9.63626148865173,14.0,0,0,144.0,173.0,1.3862943611198906,1.3862943611198906,3.0,1.791759469228055,36.0,8.0,33.0,0.0,5.0,8.0,6.0,12.0,2.19722457733622,12.0,28.0,0,0,0.0,3.0,100.0,0.0,0.6931471805599453,0,11.92065467473146,9.581006974541651,9.787009914477434,36,5.0,14.506849315068491,687.0,False,False,False,False,False,False,True,False,False,False,False,False,False,False,False,False,False,False,False,False,False,False,False,False,False,True,False,False,False,False,False,False,False,False,False,False,False,False,False,False,False,False,True,False,True,False,0.12605864
12000.0,11.49,10.59665973278358,2.221375037568502,0.0,0.0,32.0,5.0,0.0,9.420439209769585,56.9,17.0,45.0,1.0,0,0.0,9.886646535340102,0.0,0.6931471805599453,0.0,0.0,4.663439094112067,8.89959435992585,56.0,0.6931471805599453,4.0,8.699681400989514,57.0,9.985113621416073,0.6931471805599453,0.0,1.6094379124341005,4.0,8.277411998949004,0.0,100.0,0,0,129.0,204.0,2.3978952727983707,2.3978952727983707,0.0,2.8903717578961645,36.0,2.0,33.0,0.0,1.0,3.0,1.0,4.0,1.6094379124341005,4.0,13.0,0,0,0.0,1.0,100.0,100.0,0.0,0,10.454840727478189,9.886646535340102,8.699681400989514,36,2.0,17.01095890410959,722.0,False,True,False,True,False,False,True,False,False,False,False,False,False,False,False,False,False,False,False,False,False,False,False,False,True,False,False,False,False,False,False,False,False,False,False,False,False,False,False,False,False,False,True,False,True,False,0.22227739
14000.0,11.47,11.516927446349529,3.71965111278069,0.0,0.0,32.0,19.0,0.0,11.421511684333913,63.2,28.0,45.0,1.0,0,0.0,12.8553358568396,2.0,1.0986122886681096,0.0,1.0,2.639057329615259,11.47241592163202,64.0,1.3862943611198906,5.0,9.887713798420087,63.0,11.881041706925902,0.0,0.6931471805599453,0.0,6.0,9.91095956737483,10.807442510649162,55.9,0,0,233.0,347.0,0.0,0.0,3.0,1.3862943611198906,36.0,6.0,33.0,0.0,10.0,13.0,12.0,13.0,1.9459101490553128,15.0,19.0,0,0,0.0,3.0,100.0,58.3,0.0,0,13.171945608758094,12.140429514535706,11.6262630788088,36,0.5,28.942465753424656,692.0,False,True,False,False,True,True,False,False,False,False,False,False,False,False,False,True,False,False,False,False,False,False,False,False,False,False,False,False,False,False,False,False,False,False,False,False,False,False,False,False,False,False,True,True,True,False,0.24609007
4000.0,14.08,10.59665973278358,0.688134638736401,0.0,1.0,32.0,3.0,0.0,4.553876891600541,2.8,6.0,45.0,1.0,0,5.950642552587727,4.553876891600541,0.0,0.0,0.0,0.0,3.713572066704308,0.0,72.0,0.0,0.0,4.465908118654584,3.0,8.101980731853192,0.6931471805599453,0.0,0.6931471805599453,0.0,3.4657359027997265,8.073091199693154,2.8,0,0,40.0,178.0,4.189654742026425,3.713572066704308,0.0,4.189654742026425,36.0,0.0,33.0,0.0,2.0,2.0,3.0,3.0,0.6931471805599453,3.0,5.0,0,0,0.0,0.0,100.0,0.0,0.0,0,8.101980731853192,4.553876891600541,8.101980731853192,36,6.0,14.843835616438357,682.0,False,True,False,False,False,False,False,False,False,True,False,False,False,False,False,False,False,True,False,False,False,False,False,False,False,False,False,False,False,False,False,False,False,False,False,False,False,False,False,False,False,False,True,False,True,False,0.4091642
10000.0,7.97,10.518700218288163,2.8936995479888394,0.0,0.0,32.0,7.0,0.0,9.437077458800523,61.0,11.0,45.0,1.0,0,0.0,9.977295479680848,2.0,0.6931471805599453,0.0,0.0,3.258096538021482,9.10364563330522,62.0,1.0986122886681096,2.0,8.835501457409778,61.0,9.937985592943695,0.0,0.0,0.0,2.0,8.031385330625534,8.19450550976564,64.0,0,0,69.0,134.0,1.0986122886681096,1.0986122886681096,0.0,1.0986122886681096,36.0,6.0,33.0,0.0,5.0,6.0,5.0,5.0,1.3862943611198906,6.0,8.0,0,0,0.0,2.0,100.0,40.0,0.0,0,10.471694898540225,9.977295479680848,9.803777708387116,36,10.0,11.175342465753424,712.0,False,True,False,False,False,False,True,False,False,False,False,False,False,False,False,False,False,False,False,False,False,False,False,False,False,False,False,False,False,False,False,False,False,False,False,True,False,False,False,False,False,False,True,False,True,False,0.14870702
3500.0,12.79,11.082157933374816,3.054944133185837,0.0,0.0,32.0,14.0,0.0,9.014690384970896,63.2,47.0,45.0,1.0,0,0.0,12.129639664945527,0.0,1.3862943611198906,2.0,2.0,2.3978952727983707,10.585270403017024,85.0,1.6094379124341005,5.0,7.453561871643373,80.0,9.472781556562168,1.0986122886681096,1.0986122886681096,1.791759469228055,8.0,9.564722689855031,6.763884908562435,78.4,0,0,139.0,133.0,2.19722457733622,2.19722457733622,1.0,2.19722457733622,36.0,9.0,33.0,0.0,3.0,5.0,4.0,9.0,3.218875824868201,9.0,22.0,0,0,0.0,7.0,100.0,75.0,0.0,0,12.201502217015411,10.774153106384007,8.294299608857235,36,2.0,11.58904109589041,677.0,False,False,False,False,True,False,False,False,False,False,True,False,False,False,False,False,False,False,True,False,False,False,False,False,False,False,False,False,False,False,False,False,False,False,False,False,False,False,False,False,False,False,True,False,True,False,0.17689055
16700.0,22.39,10.545367754151744,2.807593831438472,0.0,0.0,32.0,5.0,0.0,7.967973179662935,61.4,9.0,45.0,1.0,0,0.0,9.665928089487558,0.0,1.0986122886681096,1.0,4.0,2.3978952727983707,9.463819123086466,80.0,0.0,2.0,0.0,76.0,8.45553053102413,0.0,1.3862943611198906,0.0,6.0,8.056743774975313,8.790421306897867,54.9,0,0,81.0,59.0,2.995732273553991,2.3978952727983707,0.0,2.70805020110221,36.0,22.0,33.0,0.0,0.0,2.0,0.0,0.0,1.9459101490553128,3.0,3.0,0,0,0.0,1.0,100.0,33.3,0.0,0,9.941986851686735,9.665928089487558,0.0,36,0.5,6.838356164383562,687.0,False,True,False,False,True,False,False,False,True,False,False,False,False,False,False,False,False,True,False,False,False,False,False,False,False,False,False,False,False,False,False,False,False,False,False,False,False,False,False,False,False,False,True,False,True,False,0.4872814
10000.0,15.49,11.050905878263569,3.1742967814702334,0.6931471805599453,0.0,17.0,12.0,0.6931471805599453,8.568646473005153,61.2,24.0,45.0,1.0,0,0.0,12.1294939312978,2.0,1.6094379124341005,2.0,3.0,1.3862943611198906,10.700882129466429,78.0,1.3862943611198906,4.0,7.951559331155252,76.0,9.05963375455148,0.6931471805599453,2.079441541679836,0.6931471805599453,7.0,9.644652054641927,7.950854857719988,65.0,0,0,260.0,52.0,1.6094379124341005,1.3862943611198906,5.0,1.6094379124341005,36.0,10.0,17.0,0.0,4.0,4.0,5.0,7.0,2.4849066497880004,6.0,8.0,0,0,0.0,5.0,95.8,20.0,0.6931471805599453,0,12.241357739669434,10.81291478438888,8.999742789830492,36,10.0,21.76164383561644,702.0,False,False,False,False,True,False,True,False,False,False,False,False,False,False,False,False,False,False,False,False,False,False,False,False,False,False,False,False,False,False,False,False,False,False,False,False,False,False,False,False,True,False,True,False,False,False,0.2943217
14000.0,16.99,10.59665973278358,3.2748780149834857,0.0,0.0,32.0,9.0,0.0,9.560151815893512,98.0,15.0,45.0,1.0,0,0.0,10.352427134229572,1.0,1.0986122886681096,1.0,1.0,1.0986122886681096,9.749520189238702,54.0,0.6931471805599453,3.0,8.489616423646003,98.0,9.581972891547895,0.0,1.0986122886681096,0.0,4.0,8.155362120328135,7.636269603379373,98.0,0,0,150.0,185.0,2.19722457733622,1.0986122886681096,0.0,2.19722457733622,36.0,6.0,33.0,0.0,7.0,7.0,7.0,7.0,2.079441541679836,7.0,8.0,0,0,0.0,2.0,100.0,100.0,0.0,0,10.736461890735974,10.352427134229572,9.581972891547895,36,10.0,15.43013698630137,667.0,True,False,False,False,True,False,True,False,False,False,False,False,False,False,False,False,False,False,False,False,False,False,False,False,False,False,False,False,False,False,False,True,False,False,False,False,False,False,False,False,False,False,True,False,True,False,0.5101024
3600.0,16.59,11.139554776658086,3.487069220736119,0.0,2.0,71.0,20.0,0.0,9.246865146658555,43.4,43.0,71.0,1.0,0,5.755742213586912,11.124523942287944,1.0,1.3862943611198906,2.0,5.0,2.19722457733622,10.958548430770506,90.0,1.0986122886681096,6.0,7.061334366910438,78.0,10.081675578048475,0.6931471805599453,2.995732273553991,2.302585092994046,11.0,8.234299635696253,6.754604099487962,73.2,0,0,117.0,122.0,1.6094379124341005,1.6094379124341005,0.0,1.6094379124341005,36.0,4.0,71.0,0.6931471805599453,4.0,11.0,4.0,9.0,2.9444389791664403,17.0,25.0,0,0,0.0,4.0,97.7,75.0,0.0,0,11.379999603260565,11.124523942287944,8.071218539969863,36,10.0,10.172602739726027,662.0,False,True,False,False,False,False,True,False,False,False,False,False,False,False,True,False,False,False,False,False,False,False,False,False,False,False,False,False,False,False,False,False,False,False,False,False,False,False,False,False,False,False,True,False,True,False,0.3093644
6200.0,11.49,10.003559106260344,3.0791538816930637,0.0,0.0,40.0,14.0,0.0,8.334951631422454,9.2,20.0,40.0,1.0,0,0.0,11.767707208493444,0.0,0.6931471805599453,0.0,0.0,3.58351893845611,6.75343791859778,10.0,0.0,2.0,8.303999970955196,9.0,10.72328941021858,0.0,0.6931471805599453,0.0,2.0,9.202812105555392,10.400072254011777,11.2,0,0,91.0,183.0,2.8903717578961645,2.8903717578961645,3.0,2.8903717578961645,36.0,6.0,33.0,0.6931471805599453,2.0,3.0,6.0,7.0,1.0986122886681096,12.0,15.0,0,0,0.0,0.0,95.0,0.0,0.0,0,12.125805746060868,8.521782643750045,10.518700218288163,36,6.0,15.263013698630138,762.0,False,False,False,False,False,False,True,False,False,False,False,False,False,False,False,False,False,True,False,False,False,False,False,False,False,False,False,False,False,False,False,False,False,False,False,False,False,False,False,False,False,False,True,False,True,False,0.13242967
5000.0,7.97,10.778977123006351,0.712949807856125,0.0,3.0,32.0,7.0,0.0,5.484796933490655,0.8,18.0,45.0,1.0,0,0.0,6.269096283706261,2.0,0.0,0.0,1.0,3.1354942159291497,0.0,72.0,1.0986122886681096,4.0,5.4510384535657,2.0,10.332050506334692,0.6931471805599453,0.0,1.3862943611198906,5.0,4.330733340286331,10.290822633771825,0.8,0,0,120.0,121.0,1.3862943611198906,1.3862943611198906,0.0,1.3862943611198906,36.0,2.0,33.0,0.0,2.0,2.0,5.0,10.0,1.791759469228055,6.0,12.0,0,0,0.0,2.0,100.0,0.0,0.0,0,10.416999564727426,6.269096283706261,10.298935994257638,36,6.0,10.093150684931508,767.0,False,True,False,False,False,False,False,False,False,False,False,False,True,False,False,False,False,False,False,False,False,False,False,False,False,False,False,False,False,False,False,False,False,True,False,False,False,False,False,False,False,False,True,False,True,False,0.07911458
30000.0,7.39,11.156264806643742,2.979094632400968,0.0,1.0,32.0,8.0,0.0,8.799963219506997,9.7,14.0,45.0,1.0,0,0.0,10.106754873845546,0.0,0.6931471805599453,0.0,1.0,3.044522437723423,9.379914355947635,47.0,1.0986122886681096,3.0,7.895436006942965,22.0,11.134603622683905,0.6931471805599453,0.0,1.3862943611198906,4.0,8.027476530860483,10.977943751326478,10.2,0,0,56.0,146.0,2.4849066497880004,2.4849066497880004,0.0,2.5649493574615367,36.0,1.0,33.0,0.0,4.0,4.0,5.0,7.0,1.0986122886681096,6.0,11.0,0,0,0.0,2.0,100.0,0.0,0.0,0,11.642830289539052,10.106754873845546,11.08523008522044,36,6.0,12.257534246575345,782.0,False,True,False,True,False,False,True,False,False,False,False,False,False,False,False,False,False,True,False,False,False,False,False,False,False,False,False,False,False,False,False,False,False,False,False,False,False,False,False,False,False,False,True,False,True,False,0.16406524
2400.0,9.17,10.34177474101152,2.5128460184772416,0.0,0.0,32.0,8.0,0.0,8.55333223803211,32.8,10.0,45.0,1.0,0,0.0,8.900685318713995,0.0,0.6931471805599453,0.0,1.0,2.995732273553991,7.675081857716334,63.0,1.3862943611198906,4.0,8.354203562921775,38.0,9.6678285081515,0.0,0.0,0.0,5.0,6.822197390620491,8.815963560853438,38.7,0,0,19.0,74.0,2.3978952727983707,2.3978952727983707,0.0,2.772588722239781,36.0,6.0,33.0,0.0,2.0,4.0,5.0,6.0,0.6931471805599453,7.0,9.0,0,0,0.0,3.0,100.0,20.0,0.0,0,9.862717639992916,8.900685318713995,9.305741456739437,36,0.5,6.254794520547946,727.0,False,True,False,True,False,False,False,False,True,False,False,False,False,False,False,False,False,False,False,False,False,False,False,False,False,False,False,False,False,False,False,False,False,False,False,False,False,False,False,False,False,False,True,False,True,False,0.10403554
15000.0,8.99,11.48247656671073,2.9967317738870745,0.0,0.0,32.0,14.0,0.0,9.698490846702954,81.5,25.0,45.0,1.0,0,0.0,11.955590014067498,0.0,1.6094379124341005,1.0,2.0,2.5649493574615367,10.05173512899633,52.0,0.0,0.0,9.021598247379304,61.0,9.90353755128617,0.0,1.6094379124341005,0.0,2.0,9.31659049181884,8.051340933292979,83.0,0,0,95.0,128.0,3.610917912644224,2.5649493574615367,1.0,3.610917912644224,36.0,13.0,33.0,0.0,8.0,9.0,8.0,14.0,2.302585092994046,9.0,15.0,0,0,0.0,1.0,100.0,87.5,0.0,0,12.169989405357091,10.58375210726506,9.825580063659602,36,10.0,10.673972602739726,717.0,False,False,False,True,False,False,True,False,False,False,False,False,False,False,False,False,False,False,False,False,False,False,False,False,False,False,False,False,False,False,False,True,False,False,False,False,False,False,False,False,False,False,True,False,True,False,0.10913361
